URL TERMS,COMPANY NAMES,SYNOMYM 1,SYNOMYM 2,SYNOMYM 3,SYNOMYM 4
china-construction-bank,China Construction Bank,,,,
agricultural-bank-of-china,Agricultural Bank of China,,,,
jpmorgan-chase,JPMorgan Chase,JPMorgan,Jp-Morgan,JP-Morgan,Chase
jpmorgan,,,,,
jp-morgan,,,,,
berkshire-hathaway,Berkshire Hathaway,,,,
exxon-mobil,Exxon Mobil,Exxon,,,
exxon,,,,,
general-electric,General Electric,GE,,,
wells-fargo,Wells Fargo,,,,
bank-of-china,Bank of China,,,,
petrochina,PetroChina,,,,
royal-dutch-shell,Royal Dutch Shell,Shell,,,
shell,,,,,
toyota-motor,Toyota Motor,Toyota,,,
toyota,,,,,
bank-of-america,Bank of America,,,,
hsbc-holdings,HSBC Holdings,HSBC,,,
hsbc,,,,,
apple,Apple,,,,
citigroup,Citigroup,Citi,Citibank,Citigroup,
citi,,,,,
bp,BP,,,,
chevron,Chevron,,,,
volkswagen-group,Volkswagen Group,VW,Vw,Volkswagen,
volkswagen,,,,,
vw,,,,,
wal-mart-stores,Wal-Mart Stores,Walmart,Wal-mart,Wal-Mart,
wal-mart,,,,,
walmart,,,,,
gazprom,Gazprom,,,,
samsung-electronics,Samsung Electronics,Samsung,,,
samsung,,,,,
at&t,AT&T,,,,
att,,,,,
bnp-paribas,BNP Paribas,BNP-Paribas,,,
fortis,,,,,
verizon-communications,Verizon Communications,Verizon,,,
verizon,,,,,
allianz,Allianz,,,,
china-mobile,China Mobile,,,,
sinopec-china-petroleum,Sinopec-China Petroleum,Sinopec,,,
sinopec,,,,,
petrobras,Petrobras,,,,
daimler,Daimler,,,,
microsoft,Microsoft,,,,
axa-group,AXA Group,AXA,AXA-Group,,
axa,,,,,
rosneft,Rosneft,,,,
ibm,IBM,,,,
nestle,Nestle,,,,
mitsubishi-ufj-financial,Mitsubishi UFJ Financial,Mitsubishi UFJ,MUFG,Mitsubishi-UFJ,
mufg,,,,,
vodafone,Vodafone,,,,
eni,Eni,,,,
procter-&-gamble,Procter & Gamble,P&G,,,
p&g,,,,,
johnson-&-johnson,Johnson & Johnson,J & J,J&J,,
j&j,,,,,
american-international-group,American International Group,,,,
aig,,,,,
banco-santander,Banco Santander,Santander,,,
santander,,,,,
bhp-billiton,BHP Billiton,,,,
pfizer,Pfizer,,,,
ford-motor,Ford Motor,Ford,,,
ford,,,,,
bmw-group,BMW Group,BMW,,,
bmw,,,,,
commonwealth-bank,Commonwealth Bank,,,,
edf,EDF,,,,
statoil,Statoil,,,,
google,Google,,,,
siemens,Siemens,,,,
novartis,Novartis,,,,
royal-bank-of-canada,Royal Bank of Canada,,,,
sumitomo-mitsui-financial,Sumitomo Mitsui Financial,Sumitomo Mitsui,,,
sberbank,Sberbank,,,,
goldman-sachs-group,Goldman Sachs Group,Goldman,,,
goldman,,,,,
westpac-banking-group,Westpac Banking Group,Westpac,,,
westpac,,,,,
nippon-telegraph-&-tel,Nippon Telegraph & Tel,Nippon Telegraph,Nippon Telegraph&Tel,,
nippon-telegraph&tel,,,,,
ping-an-insurance-group,Ping An Insurance Group,Ping An Insurance,,,
ping-an-of-china,,,,,
ping-an,,,,,
banco-bradesco,Banco Bradesco,,,,
anheuser-busch-inbev,Anheuser-Busch InBev,Anheuser-Busch,Anheuser Busch,,
bank-of-communications,Bank of Communications,,,,
china-life-insurance,China Life Insurance,,,,
general-motors,General Motors,GM,,,
gm,,,,,
metlife,MetLife,,,,
honda-motor,Honda Motor,Honda,Honda-Motor,,
honda,,,,,
enel,Enel,,,,
basf,BASF,,,,
softbank,Softbank,,,,
national-australia-bank,National Australia Bank,,,,
anz,ANZ,,,,
td-bank-group,TD Bank Group,TD,,,
td-bank,,,,,
conocophillips,ConocoPhillips,Conocophillips,,,
intel,Intel,,,,
ubs,UBS,,,,
hewlett-packard,Hewlett-Packard,HP,Hewlett Packard,,
hp,,,,,
coca-cola,Coca-Cola,,Coca Cola,,
cisco-systems,Cisco Systems,Cisco,,,
cisco,,,,,
lukoil,LukOil,Lukoil,,,
boeing,Boeing,Boeing,,,
zurich-insurance-group,Zurich Insurance Group,Zurich Insurance,,,
zurich-insurance,,,,,
unitedhealth-group,UnitedHealth Group,UnitedHealth,,,
unitedhealth,,,,,
hyundai-motor,Hyundai Motor,Hyundai,,,
hyundai,,,,,
sanofi,Sanofi,,,,
credit-agricole,Credit Agricole,,,,
united-technologies,United Technologies,UTC,,,
roche-holding,Roche Holding,Roche,,,
roche,,,,,
munich-re,Munich Re,Munich-Re,,,
pepsico,PepsiCo,Pepsico,,,
oracle,Oracle,,,,
bank-of-nova-scotia,Bank of Nova Scotia,,,,
cvs-caremark,CVS Caremark,CVS,,,
cvs,,,,,
ing-group,ING Group,ING,,,
ing,,,,,
saudi-basic-industries,Saudi Basic Industries,,,,
merck-&-co,Merck & Co,Merck&Co,Merck & Co,,
merck&co,,,,,
walt-disney,Walt Disney,Disney,,,
disney,,,,,
mizuho-financial,Mizuho Financial,Mizuho Fg,Mizuho-Fg,Mizuho-FG,
mizuho-fg,,,,,
china-merchants-bank,China Merchants Bank,,,,
american-express,American Express,AMEX,American Express,,
banco-do-brasil,Banco do Brasil,,,,
morgan-stanley,Morgan Stanley,,,,
prudential,Prudential,,,,
cnooc,CNOOC,,,,
rio-tinto,Rio Tinto,,,,
unilever,Unilever,,,,
nissan-motor,Nissan Motor,Nissan,,,
nissan,,,,,
credit-suisse-group,Credit Suisse Group,Credit Suisse,,,
credit-suisse,,,,,
e.on,E.ON,E.On,EON,E.on,
generali-group,Generali Group,Generali,,,
generali,,,,,
glaxosmithkline,GlaxoSmithKline,Glaxo,Glaxo Smith Kline,Glaxosmithkline,GlaxoSmithKline
glaxo,,,,,
schlumberger,Schlumberger,,,,
bbva-banco-bilbao-vizcaya,BBVA-Banco Bilbao Vizcaya,BBVA,Banco Bilbao Vizcaya,,
bbva,,,,,
nordea-bank,Nordea Bank,,,,
bayer,Bayer,,,,
china-minsheng-banking,China Minsheng Banking,,,,
caterpillar,Caterpillar,,,,
standard-chartered,Standard Chartered,,,,
china-shenhua-energy,China Shenhua Energy,,,,
shenhua,,,,,
us-bancorp,US Bancorp,,,,
mitsubishi-corp,Mitsubishi Corp,,,,
mitsubishi,,,,,
dow-chemical,Dow Chemical,,,,
ecopetrol,Ecopetrol,,,,
industrial-bank,Industrial Bank,,,,
shanghai-pudong-development,Shanghai Pudong Development,,,,
eads,EADS,,,,
swiss-re,Swiss Re,,,,
iberdrola,Iberdrola,,,,
china-citic-bank,China Citic Bank,Citic,,,
citic,,,,,
reliance-industries,Reliance Industries,,,,
hutchison-whampoa,Hutchison Whampoa,,,,
home-depot,Home Depot,,,,
hitachi,Hitachi,,,,
hon-hai-precision,Hon Hai Precision,,,,
phillips-66,Phillips 66,,,,
capital-one-financial,Capital One Financial,,,,
capital-one,,,,,
aviva,Aviva,,,,
france-telecom,France Telecom,,,,
deutsche-telekom,Deutsche Telekom,DT,,,
dt,,,,,
bank-of-montreal,Bank of Montreal,,,,
vinci,VINCI,,,,
suncor-energy,Suncor Energy,,,,
suncor,,,,,
china-telecom,China Telecom,,,,
occidental-petroleum,Occidental Petroleum,,,,
"twenty-first-century-fox,-inc.","Twenty-First Century Fox, Inc.",Twenty First Century Fox,,,
twenty-first-century-fox,,,,,
mitsui-&-co,Mitsui & Co,,,,
qualcomm,Qualcomm,,,,
state-bank-of-india,State Bank of India,,,,
time-warner,Time Warner,,,,
philip-morris-international,Philip Morris International,Philip Morris,,,
philip-morris,,,,,
honeywell-international,Honeywell International,Honeywell,,,
honeywell,,,,,
express-scripts,Express Scripts,,,,
united-parcel-service,United Parcel Service,United Parcel,,,
UPS,,,,,
barclays,Barclays,,,,
pnc-financial-services,PNC Financial Services,PNC Financial,PNC,,
pnc,,,,,
deutsche-post,Deutsche Post,,,,
aia-group,AIA Group,,,,
duke-energy,Duke Energy,,,,
delta-air-lines,Delta Air Lines,Delta,,,
delta-airlines,,,,,
deutsche-bank,Deutsche Bank,,,,
national-grid,National Grid,,,,
abb,ABB,,,,
amgen,Amgen,,,,
ei-du-pont-de-nemours,EI du Pont de Nemours,DuPont,Dupont,,
du-pont,,,,,
dupont,,,,,
manulife-financial,Manulife Financial,Manulife,,,
manulife,,,,,
british-american-tobacco,British American Tobacco,,,,
saic-motor,SAIC Motor,,,,
walgreen,Walgreen,,,,
kddi,KDDI,,,,
valero-energy,Valero Energy,Valero,,,
ptt-pcl,PTT PCL,,,,
travelers-cos,Travelers Cos,,,,
canadian-imperial-bank,Canadian Imperial Bank,,,,
astrazeneca,AstraZeneca,,,,
deere-&-co,Deere & Co,,,,
deere&co,,,,,
union-pacific,Union Pacific,,,,
mcdonald's,McDonald's,,,,
mcdonalds,,,,,
mc-donalds,,,,,
mc-donald's,,,,,
wellpoint,WellPoint,,,,
aflac,Aflac,,,,
tokio-marine-holdings,Tokio Marine Holdings,Tokio Marine,,,
taiwan-semiconductor,Taiwan Semiconductor,,,,
legal-&-general-group,Legal & General Group,Legal & General,,,
legal&general-group,,,,,
legal-and-general,,,,,
christian-dior,Christian Dior,,,,
dior,,,,,
china-unicom,China Unicom,,,,
3m,3M,,,,
allstate,Allstate,,,,
schneider-electric,Schneider Electric,Schneider,,,
dnb,DNB,,,,
lockheed-martin,Lockheed Martin,Lockheed,,,
lockheed,,,,,
surgutneftegas,Surgutneftegas,,,,
denso,Denso,,,,
nomura-holdings,Nomura Holdings,Nomura,,,
nippon-steel-&-sumitomo-metal,Nippon Steel & Sumitomo Metal,,,,
nippon-steel&sumitomo-metal,,,,,
wesfarmers,Wesfarmers,,,,
china-everbright-bank,China Everbright Bank,,,,
sap,SAP,,,,
jardine-matheson,Jardine Matheson,,,,
japan-tobacco,Japan Tobacco,,,,
bg-group,BG Group,BG,,,
itochu,Itochu,,,,
carrefour,Carrefour,,,,
sabmiller,SABMiller,,,,
bank-of-new-york-mellon,Bank of New York Mellon,BNY,,,
bny-mellon,,,,,
continental,Continental,,,,
emc,EMC,,,,
costco-wholesale,Costco Wholesale,Costco,,,
costco,,,,,
bt-group,BT Group,,,,
eli-lilly-&-co,Eli Lilly & Co,,,,
eli-lilly&co,,,,,
seven-&-i-holdings,Seven & I Holdings,Seven & I,,,
seven&i-holdings,,,,,
seven&i,,,,,
canon,Canon,,,,
lowe's-cos,Lowe's Cos,,,,
china-state-construction,China State Construction,,,,
freeport-mcmoran-copper,Freeport-McMoRan Copper,Freeport-McMoRan,,,
freeport-mcmoran,,,,,
telstra,Telstra,,,,
lyondellbasell-industries,LyondellBasell Industries,LyondellBasell,,,
lyondellbasell,,,,,
china-pacific-insurance,China Pacific Insurance,China Pacific,,,
diageo,Diageo,,,,
abbott-laboratories,Abbott Laboratories,Abbott,,,
abbott,,,,,
gas-natural-fenosa,Gas Natural Fenosa,,,,
danske-bank,Danske Bank,,,,
aetna,Aetna,,,,
sony,Sony,,,,
aegon,Aegon,,,,
ericsson,Ericsson,,,,
posco,Posco,,,,
east-japan-railway,East Japan Railway,,,,
brookfield-asset-management,Brookfield Asset Management,Brookfield,,,
brookfield,,,,,
altria-group,Altria Group,Altria,,,
altria,,,,,
blackrock,BlackRock,,,,
exelon,Exelon,,,,
danone,Danone,,,,
archer-daniels-midland,Archer Daniels Midland,,,,
mckesson,McKesson,,,,
heineken-holding,Heineken Holding,Heineken,,,
heineken,,,,,
panasonic,Panasonic,,,,
hess,Hess,,,,
people's-insurance-company,People's Insurance Company,,,,
shinhan-financial-group,Shinhan Financial Group,,,,
ebay,eBay,,,,
natixis,Natixis,,,,
time-warner-cable,Time Warner Cable,Time Warner,,,
time-warner,,,,,
general-dynamics,General Dynamics,,,,
abbvie,AbbVie,,,,
medtronic,Medtronic,,,,
exor,EXOR,,,,
bristol-myers-squibb,Bristol-Myers Squibb,Bristol-Myers,Bristol Myers,,
bristol-myers,,,,,
kia-motors,KIA Motors,KIA,,,
kia,,,,,
seb,SEB,,,,
kbc-group,KBC Group,KBC,,,
kbc,,,,,
fedex,FedEx,,,,
renault,Renault,,,,
vtb-bank,VTB Bank,VTB,,,
vtb,,,,,
sumitomo-corp,Sumitomo Corp,Sumitomo Corporation,,,
sumitomo-corporation,,,,,
cnp-assurances,CNP Assurances,CNP,,,
ms&ad-insurance,MS&AD Insurance,MS&AD,MS & AD,,
ms&ad,,,,,
hyundai-mobis,Hyundai Mobis,,,,
halliburton,Halliburton,,,,
danaher,Danaher,,,,
apache,Apache,,,,
sun-life-financial,Sun Life Financial,Sun Life,,,
marathon-petroleum,Marathon Petroleum,,,,
southern-co,Southern Co,Southern Co.,,,
ping-an-bank,Ping An Bank,Ping An,,,
linde,Linde,,,,
nextera-energy,NextEra Energy,Nextera,,,
nextera,,,,,
saint-gobain,Saint-Gobain,Saint Gobain,St. Gobain,,
canadian-natural-resources,Canadian Natural Resources,,,,
transneft,Transneft,,,,
visa,Visa,,,,
rolls-royce-holdings,Rolls-Royce Holdings,Rolls Royce,,,
jx-holdings,JX Holdings,JX,,,
imperial-tobacco-group,Imperial Tobacco Group,Imperial Tobacco,,,
woolworths,Woolworths,,,,
bridgestone,Bridgestone,,,,
cigna,Cigna,,,,
standard-bank-group,Standard Bank Group,Standard Bank,,,
dbs-group,DBS Group,DBS,,,
dbs,,,,,
svenska-handelsbanken,Svenska Handelsbanken,,,,
bce,BCE,,,,
centrica,Centrica,,,,
national-oilwell-varco,National Oilwell Varco,,,,
air-liquide,Air Liquide,,,,
teva-pharmaceutical-inds,Teva Pharmaceutical Inds,Teva Pharmaceutical,,,
old-mutual,Old Mutual,,,,
philips,Philips,,,,
swedbank,Swedbank,,,,
oversea-chinese-banking,Oversea-Chinese Banking,,,,
eaton,Eaton,,,,
directv,Directv,,,,
dai-ichi-life-insurance,Dai-ichi Life Insurance,Dai-ichi,,,
dai-ichi,,,,,
marubeni,Marubeni,,,,
fresenius,Fresenius,,,,
icici-bank,ICICI Bank,ICICI,,,
icici,,,,,
china-vanke,China Vanke,,,,
china-communications-construction,China Communications Construction,,,,
state-street,State Street,,,,
central-japan-railway,Central Japan Railway,,,,
kroger,Kroger,,,,
johnson-controls,Johnson Controls,,,,
china-railway-construction,China Railway Construction,,,,
henkel,Henkel,,,,
inditex,Inditex,,,,
emerson-electric,Emerson Electric,Emerson,,,
emerson,,,,,
husky-energy,Husky Energy,,,,
wilmar-international,Wilmar International,,,,
teliasonera,Teliasonera,,,,
dominion-resources,Dominion Resources,,,,
bb&t,BB&T,,,,
china-railway-group,China Railway Group,,,,
sasol,Sasol,,,,
nike,NIKE,,,,
kinder-morgan,Kinder Morgan,,,,
singtel,SingTel,,,,
caixabank,CaixaBank,,,,
omv-group,OMV Group,OMV,,,
omv,,,,,
maybank,Maybank,,,,
holcim,Holcim,,,,
reckitt-benckiser-group,Reckitt Benckiser Group,Reckitt Benckiser,,,
reckitt-benckiser,,,,,
telenor,Telenor,,,,
eog-resources,EOG Resources,EOG,,,
tata-motors,Tata Motors,Tata,,,
power-corp-of-canada,Power Corp of Canada,,,,
monsanto,Monsanto,,,,
raytheon,Raytheon,,,,
sse,SSE,,,,
mitsubishi-heavy-industries,Mitsubishi Heavy Industries,,,,
chubb,Chubb,,,,
accenture,Accenture,,,,
mitsubishi-electric,Mitsubishi Electric,,,,
american-electric,American Electric,,,,
hca-holdings,HCA Holdings,HCA,,,
hca,,,,,
standard-life,Standard Life,,,,
enbridge,Enbridge,,,,
northrop-grumman,Northrop Grumman,,,,
wpp,WPP,,,,
kraft-foods-group,Kraft Foods Group,Kraft Foods,,,
kraft-foods,,,,,
takeda-pharmaceutical,Takeda Pharmaceutical,Takeda,,,
takeda,,,,,
discover-financial-services,Discover Financial Services,,,,
edp-energias-de-portugal,EDP-Energias de Portugal,EDP,Energias de Portugal,,
edp,,,,,
volvo-group,Volvo Group,Volvo,,,
volvo,,,,,
sumitomo-mitsui-trust,Sumitomo Mitsui Trust,,,,
fannie-mae,Fannie Mae,,,,
samsung-life-insurance,Samsung Life Insurance,,,,
las-vegas-sands,Las Vegas Sands,,,,
baxter-international,Baxter International,,,,
michelin-group,Michelin Group,Michelin,,,
michelin,,,,,
anadarko-petroleum,Anadarko Petroleum,Anadarko,,,
anadarko,,,,,
sun-hung-kai-properties,Sun Hung Kai Properties,Sun Hung Kai,,,
shkp,,,,,
ameriprise-financial,Ameriprise Financial,Ameriprise,,,
international-paper,International Paper,,,,
gilead-sciences,Gilead Sciences,,,,
huaxia-bank,Huaxia Bank,,,,
kimberly-clark,Kimberly-Clark,Kimberly Clark,,,
united-overseas-bank,United Overseas Bank,,,,
cbs,CBS,,,,
toshiba,Toshiba,,,,
kb-financial-group,KB Financial Group,KB Financial,,,
richemont,Richemont,,,,
merck,Merck,,,,
femsa,Femsa,,,,
marathon-oil,Marathon Oil,,,,
carnival,Carnival,,,,
mapfre,Mapfre,,,,
freddie-mac,Freddie Mac,,,,
mtn-group,MTN Group,MTN,,,
mtn,,,,,
general-mills,General Mills,,,,
viacom,Viacom,,,,
lafarge,Lafarge,,,,
grupo-acs,Grupo ACS,,,,
thermo-fisher-scientific,Thermo Fisher Scientific,,,,
sistema,Sistema,,,,
baker-hughes,Baker Hughes,,,,
automatic-data,Automatic Data,,,,
canadian-national-railway,Canadian National Railway,,,,
orix,Orix,,,,
talanx,Talanx,,,,
transcanada,TransCanada,,,,
lloyds-banking-group,Lloyds Banking Group,Lloyds,,,
lloyds,,,,,
isbank,Isbank,,,,
saudi-telecom,Saudi Telecom,,,,
csx,CSX,,,,
norfolk-southern,Norfolk Southern,,,,
lincoln-national,Lincoln National,,,,
macy's,Macy's,,,,
macys,,,,,
pernod-ricard,Pernod Ricard,,,,
novo-nordisk,Novo Nordisk,,,,
cathay-financial,Cathay Financial,,,,
huaneng-power-international,Huaneng Power International,Huaneng Power,,,
royal-ahold,Royal Ahold,,,,
suntrust-banks,SunTrust Banks,SunTrust,,,
nksj-holdings,NKSJ Holdings,NKSJ,,,
gdf-suez,GDF SUEZ,,,,
glencore-international,Glencore International,,,,
qatar-national-bank,Qatar National Bank,,,,
sampo,Sampo,,,,
magna-international,Magna International,Magna,,,
komatsu,Komatsu,,,,
fubon-financial,Fubon Financial,Fubon,,,
fubon,,,,,
inpex,Inpex,,,,
pg&e,PG&E,PG & E,,,
garanti-bank,Garanti Bank,Garanti,,,
illinois-tool-works,Illinois Tool Works,,,,
indian-oil,Indian Oil,,,,
mitsui-fudosan,Mitsui Fudosan,,,,
humana,Humana,,,,
fuji-heavy-industries,Fuji Heavy Industries,Fuji Heavy,,,
syngenta,Syngenta,,,,
hdfc-bank,HDFC Bank,,,,
texas-instruments,Texas Instruments,,,,
colgate-palmolive,Colgate-Palmolive,Colgate Palmolive,,,
ntpc,NTPC,,,,
royal-bank-of-scotland,Royal Bank of Scotland,,,,
tencent-holdings,Tencent Holdings,Tencent,,,
tencent,,,,,
swisscom,Swisscom,,,,
coal-india,Coal India,,,,
bank-of-beijing,Bank of Beijing,,,,
ppl,PPL,,,,
amp,AMP,,,,
macquarie-group,Macquarie Group,Macquarie,,,
macquarie,,,,,
prudential-financial,Prudential Financial,,,,
heidelbergcement,HeidelbergCement,,,,
unicredit-group,UniCredit Group,UniCredit,,,
unicredit,,,,,
suzuki-motor,Suzuki Motor,Suzuki,,,
suzuki,,,,,
praxair,Praxair,,,,
edison-international,Edison International,,,,
sk-hynix,SK Hynix,,,,
ppg-industries,PPG Industries,,,,
jfe-holdings,JFE Holdings,JFE,,,
vale,Vale,,,,
tenaga-nasional,Tenaga Nasional,,,,
resona-holdings,Resona Holdings,Resona,,,
toyota-industries,Toyota Industries,,,,
daiwa-securities,Daiwa Securities,,,,
fifth-third-bancorp,Fifth Third Bancorp,,,,
united-continental-holdings,United Continental Holdings,United Continental,,,
united-continental,,,,,
h&m,H&M,,,,
chesapeake-energy,Chesapeake Energy,,,,
chesapeake,,,,,
amazon.com,Amazon.com,Amazon,,,
amazon,,,,,
intesa-sanpaolo,Intesa Sanpaolo,,,,
paccar,Paccar,,,,
aon,Aon,,,,
xerox,Xerox,,,,
hana-financial-group,Hana Financial Group,Hana Financial,,,
hana-financial,,,,,
etisalat,Etisalat,,,,
loews,Loews,,,,
tokyo-electric-power,Tokyo Electric Power,,,,
cimb-group-holdings,CIMB Group Holdings,CIMB,,,
sk-telecom,SK Telecom,,,,
tjx-cos,TJX Cos,,,,
charles-schwab,Charles Schwab,,,,
associated-british-foods,Associated British Foods,,,,
tesco,Tesco,,,,
principal-financial-group,Principal Financial Group,,,,
mitsubishi-estate,Mitsubishi Estate,,,,
gfnorte,GFNorte,,,,
ageas,Ageas,,,,
repsol-ypf,Repsol YPF,,,,
sempra-energy,Sempra Energy,,,,
t&d-holdings,T&D Holdings,T&D,,,
new-china-life-insurance,New China Life Insurance,,,,
firstrand,FirstRand,,,,
aeon,Aeon,,,,
akzo-nobel,Akzo Nobel,,,,
bank-mandiri,Bank Mandiri,,,,
rogers-communications,Rogers Communications,,,,
swiss-life-holding,Swiss Life Holding,Swiss Life,,,
novatek,Novatek,,,,
corning,Corning,,,,
fujifilm-holdings,Fujifilm Holdings,Fujifilm,,,
fujifilm,,,,,
bank-rakyat-indonesia,Bank Rakyat Indonesia,,,,
cez-group,CEZ Group,CEZ,,,
cez,,,,,
consolidated-edison,Consolidated Edison,,,,
akbank,Akbank,,,,
micron-technology,Micron Technology,,,,
covidien,Covidien,,,,
saudi-electricity,Saudi Electricity,,,,
arcelormittal,ArcelorMittal,,,,
alstom,Alstom,,,,
national-bank-of-canada,National Bank of Canada,,,,
formosa-petrochemical,Formosa Petrochemical,,,,
cummins,Cummins,,,,
sk-innovation,SK Innovation,,,,
te-connectivity,TE Connectivity,,,,
ecolab,Ecolab,,,,
larsen-&-toubro,Larsen & Toubro,Larsen&Toubro,,,
larsen&toubro,,,,,
gree-electric-appliances,Gree Electric Appliances,Gree,,,
gree,,,,,
public-service-enterprise,Public Service Enterprise,,,,
piraeus-bank,Piraeus Bank,,,,
precision-castparts,Precision Castparts,,,,
rwe-group,RWE Group,RWE,,,
mastercard,MasterCard,Mastercard,,,
fortescue-metals-group,Fortescue Metals Group,Fortescue,,,
fortescue-metals,,,,,
kellogg,Kellogg,,,,
kirin-holdings,Kirin Holdings,Kirin,,,
facebook,Facebook,,,,
poly-real-estate,Poly Real Estate,,,,
baoshan-iron-&-steel,Baoshan Iron & Steel,Baoshan,,,
baoshan-iron&steel,,,,,
fortum,Fortum,,,,
atlas-copco,Atlas Copco,,,,
norilsk-nickel,Norilsk Nickel,,,,
cheung-kong-holdings,Cheung Kong Holdings,Cheung Kong,,,
toyota-tsusho,Toyota Tsusho,,,,
sysco,Sysco,,,,
tatneft,Tatneft,,,,
dish-network,DISH Network,,,,
safeway,Safeway,,,,
adidas,Adidas,,,,
cenovus-energy,Cenovus Energy,Cenovus,,,
cenovus,,,,,
korea-electric-power,Korea Electric Power,,,,
omnicom-group,Omnicom Group,Omnicom,,,
omnicom,,,,,
cardinal-health,Cardinal Health,,,,
thales,Thales,,,,
otsuka-holding,Otsuka Holding,Otsuka,,,
grupo-mexico,Grupo Mexico,,,,
clp-holdings,CLP Holdings,CLP,,,
swire-pacific,Swire Pacific,,,,
kyocera,Kyocera,,,,
marsh-&-mclennan,Marsh & McLennan,Marsh&McLennan,,,
marsh&mclennan,,,,,
china-resources-land,China Resources Land,,,,
hdfc,HDFC,,,,
raiffeisen-bank-international,Raiffeisen Bank International,Raiffeisen,,,
raiffeisen-bank,,,,,
shin-etsu-chemical,Shin-Etsu Chemical,,,,
cic-group,CIC Group,CIC,,,
suncorp-group,Suncorp Group,Suncorp,,,
suncorp,,,,,
kubota,Kubota,,,,
sca,SCA,,,,
tata-consultancy-services,Tata Consultancy Services,Tata Consultancy,,,
tata-consultancy,,,,,
siam-commercial-bank,Siam Commercial Bank,Siam Bank,,,
telus,TELUS,,,,
aisin-seiki,Aisin Seiki,,,,
daikin-industries,Daikin Industries,Daikin,,,
daikin,,,,,
lg-chem,LG Chem,,,,
vivendi,Vivendi,,,,
transocean,Transocean,,,,
mazda-motor,Mazda Motor,Mazda,,,
mazda,,,,,
anglo-american,Anglo American,,,,
evonik,Evonik,,,,
grupo-aval,Grupo Aval,,,,
compass-group,Compass Group,Compass,,,
kasikornbank,Kasikornbank,,,,
commerzbank,Commerzbank,,,,
ferrovial,Ferrovial,,,,
xcel-energy,Xcel Energy,Xcel,,,
j-sainsbury,J Sainsbury,Sainsbury's,,,
sainsbury's,,,,,
sainsburys,,,,,
lotte-shopping,Lotte Shopping,,,,
franklin-resources,Franklin Resources,,,,
daiwa-house-industry,Daiwa House Industry,,,,
sabanci-holding,Sabanci Holding,Sabanci,,,
grupo-modelo,Grupo Modelo,,,,
carlsberg,Carlsberg,,,,
lenovo-group,Lenovo Group,Lenovo,,,
lenovo,,,,,
al-rajhi-bank,Al Rajhi Bank,Al Rajhi,,,
hartford-financial-services,Hartford Financial Services,,,,
kingfisher,Kingfisher,,,,
keppel-corp,Keppel Corp,Keppel,,,
simon-property-group,Simon Property Group,Simon Property,,,
simon-property,,,,,
tenaris,Tenaris,,,,
regions-financial,Regions Financial,,,,
telecom-italia,Telecom Italia,,,,
southwest-airlines,Southwest Airlines,,,,
western-digital,Western Digital,WD,WDC,,
porsche-automobil-holding,Porsche Automobil Holding,Porsche,,,
porsche,,,,,
tokyo-gas,Tokyo Gas,,,,
woodside-petroleum,Woodside Petroleum,,,,
deutsche-lufthansa,Deutsche Lufthansa,Lufthansa,,,
lufthansa,,,,,
falabella,Falabella,,,,
bankia,Bankia,,,,
potash-of-saskatchewan,Potash of Saskatchewan,,,,
sumitomo-electric,Sumitomo Electric,,,,
public-bank,Public Bank,,,,
alpha-bank,Alpha Bank,,,,
air-products-&-chemicals,Air Products & Chemicals,Air Products&Chemicals,,,
air-products&chemicals,,,,,
sumitomo-realty,Sumitomo Realty,,,,
publicis-groupe,Publicis Groupe,,,,
entergy,Entergy,,,,
asml-holding,ASML Holding,ASML,,,
asml,,,,,
slm,SLM,,,,
conagra-foods,ConAgra Foods,ConAgra,,,
reynolds-american,Reynolds American,,,,
china-resources-power,China Resources Power,,,,
samsung-fire-&-marine,Samsung Fire & Marine,Samsung Fire&Marine,,,
samsung-fire&marine,,,,,
unum-group,Unum Group,Unum,,,
unum,,,,,
sime-darby,Sime Darby,,,,
george-weston,George Weston,,,,
evergrande-real-estate,Evergrande Real Estate,,,,
agrium,Agrium,,,,
mosaic,Mosaic,,,,
anhui-conch-cement,Anhui Conch Cement,Anhui Conch,,,
teck-resources,Teck Resources,,,,
banco-popular-espanol,Banco Popular Espanol,,,,
swatch-group,Swatch Group,Swatch,,,
swatch,,,,,
national-bank-of-greece,National Bank of Greece,NBG,,,
nbg,,,,,
stryker,Stryker,,,,
delphi-automotive,Delphi Automotive,,,,
spectra-energy,Spectra Energy,,,,
tyson-foods,Tyson Foods,,,,
firstenergy,FirstEnergy,,,,
sodexo,Sodexo,,,,
biogen-idec,Biogen Idec,,,,
abertis,Abertis,,,,
astellas-pharma,Astellas Pharma,,,,
m&t-bank,M&T Bank,M&T,,,
m&t,,,,,
murphy-oil,Murphy Oil,,,,
formosa-chemicals,Formosa Chemicals,,,,
hyundai-heavy-industries,Hyundai Heavy Industries,,,,
liberty-global,Liberty Global,,,,
unibail-rodamco,Unibail-Rodamco,,,,
pko-bank-polski,PKO Bank Polski,,,,
thyssenkrupp-group,ThyssenKrupp Group,ThyssenKrupp,Thyssenkrupp,,
thyssenkrupp,,,,,
bharti-airtel,Bharti Airtel,,,,
siam-cement,Siam Cement,,,,
adecco,Adecco,,,,
seadrill,Seadrill,,,,
celgene,Celgene,,,,
axis-bank,Axis Bank,Axis,,,
nokia,Nokia,,,,
mtr,MTR,,,,
country-garden-holdings,Country Garden Holdings,Country Garden,,,
quanta-computer,Quanta Computer,Quanta,,,
british-sky-broadcasting,British Sky Broadcasting,Sky,Sky-Broadcasting,Sky-News,
sky-news,,,,,
mitsubishi-motors,Mitsubishi Motors,Mitsubishi,,,
mitsubishi,,,,,
jbs,JBS,,,,
couche-tard,Couche Tard,,,,
national-bank-of-abu-dhabi,National Bank of Abu Dhabi,,,,
dollar-general,Dollar General,,,,
daqin-railway,Daqin Railway,,,,
metro-group,Metro Group,Metro,,,
parker-hannifin,Parker-Hannifin,,,,
bancolombia,Bancolombia,,,,
pge,PGE,,,,
asahi-kasei,Asahi Kasei,,,,
fast-retailing,Fast Retailing,,,,
whirlpool,Whirlpool,,,,
sandvik,Sandvik,,,,
china-national-building,China National Building,,,,
liberty-media,Liberty Media,,,,
kohl's,Kohl's,,,,
kohls,,,,,
genworth-financial,Genworth Financial,,,,
bae-systems,BAE Systems,,,,
priceline.com,Priceline.com,Priceline,,,
annaly-capital-management,Annaly Capital Management,,,,
chunghwa-telecom,Chunghwa Telecom,,,,
vf,VF,,,,
halkbank,Halkbank,,,,
bouygues,Bouygues,,,,
bank-central-asia,Bank Central Asia,,,,
cme-group,CME Group,CME,,,
cme,,,,,
asahi-group-holdings,Asahi Group Holdings,Asahi Group,,,
asahigroup-holdings,,,,,
asahigroup,,,,,
megafon,MegaFon,,,,
centurylink,CenturyLink,,,,
sk-holdings,SK Holdings,,,,
insurance-australia-group,Insurance Australia Group,Insurance Australia,,,
yara-international,Yara International,,,,
xl-group,XL Group,XL,,,
isuzu-motors,Isuzu Motors,Isuzu,,,
isuzu,,,,,
magnit,Magnit,,,,
steinhoff-international,Steinhoff International,Steinhoff,,,
yum-brands,Yum Brands,,,,
ricoh,Ricoh,,,,
amerisourcebergen,AmerisourceBergen,,,,
atlantia,Atlantia,,,,
industrial-bank-of-korea,Industrial Bank of Korea,,,,
dte-energy,DTE Energy,,,,
toray-industries,Toray Industries,,,,
northeast-utilities,Northeast Utilities,,,,
first-gulf-bank,First Gulf Bank,,,,
seagate-technology,Seagate Technology,Seagate,,,
seagate,,,,,
vimpelcom,VimpelCom,,,,
ooredoo-telecom,Ooredoo Telecom,,,,
china-cinda-asset-management,China Cinda Asset Management,,,,
ingersoll-rand,Ingersoll-Rand,Ingersoll Rand,,,
ptt-global-chemical,PTT Global Chemical,PTT Global,,,
sanlam,Sanlam,,,,
banco-de-sabadell,Banco de Sabadell,,,,
li-&-fung,Li & Fung,Li&Fung,,,
li&fung,,,,,
liberty-interactive,Liberty Interactive,,,,
henderson-land,Henderson Land,,,,
erste-group-bank,Erste Group Bank,,,,
scor,Scor,,,,
china-steel,China Steel,,,,
technip,Technip,,,,
gd-power-development,GD Power Development,GD,,,
nucor,Nucor,,,,
hilton-worldwide-holdings,Hilton Worldwide Holdings,Hilton,,,
hilton-worldwide,,,,,
china-coal-energy,China Coal Energy,,,,
nan-ya-plastics,Nan Ya Plastics,,,,
midea-group-co.-ltd.,Midea Group Co. Ltd.,Midea Group,,,
midea-group-co,,,,,
new-world-development,New World Development,,,,
sekisui-house,Sekisui House,,,,
daiichi-sankyo,Daiichi Sankyo,,,,
crh,CRH,,,,
idemitsu-kosan,Idemitsu Kosan,,,,
bangkok-bank,Bangkok Bank,,,,
westfield-group,Westfield Group,Westfield,,,
keycorp,KeyCorp,,,,
davita,DaVita,,,,
yahoo,Yahoo,,,,
kansai-electric-power,Kansai Electric Power,Kansai Electric,,,
national-bank-of-kuwait,National Bank of Kuwait,,,,
deutsche-boerse,Deutsche Boerse,,,,
veolia-environment,Veolia Environment,Veolia,,,
veolia,,,,,
mobily,Mobily,,,,
marks-&-spencer,Marks & Spencer,Marks&Spencer,Marks and Spencer,,
marks&spencer,,,,,
marksandspencer,,,,,
samba-financial-group,Samba Financial Group,Samba Financial,,,
baidu,Baidu,,,,
northern-trust,Northern Trust,,,,
infosys,Infosys,,,,
american-airlines-group,American Airlines Group,American Airlines,,,
american-airlines,,,,,
fujitsu,Fujitsu,,,,
wheelock-&-co,Wheelock & Co,Wheelock&Co,,,
wheelock&co,,,,,
dentsu,Dentsu,,,,
wolseley,Wolseley,,,,
citic-securities,Citic Securities,,,,
williams-cos,Williams Cos,,,,
qbe-insurance-group,QBE Insurance Group,QBE Insurance,,,
qbe-insurance,,,,,
riyad-bank,Riyad Bank,,,,
mitsubishi-chemical,Mitsubishi Chemical,,,,
solvay,Solvay,,,,
japan-airlines,Japan Airlines,,,,
dongfeng-motor-group,Dongfeng Motor Group,Dongfeng Motor,,,
dongfeng,,,,,
bombardier,Bombardier,,,,
devon-energy,Devon Energy,Devon,,,
galaxy-entertainment,Galaxy Entertainment,,,,
luxottica-group,Luxottica Group,Luxottica,,,
luxottica,,,,,
"becton,-dickinson","Becton, Dickinson",Becton-Dickinson,Becton Dickinson,,
becton-dickinson,,,,,
grupo-inbursa,Grupo Inbursa,,,,
alcoa,Alcoa,,,,
best-buy,Best Buy,,,,
west-japan-railway,West Japan Railway,,,,
canadian-pacific-railway,Canadian Pacific Railway,,,,
brf-brasil-foods,BRF-Brasil Foods,,,,
fosun-international,Fosun International,,,,
allergan,Allergan,,,,
citic-pacific,Citic Pacific,,,,
chinatrust-financial,Chinatrust Financial,,,,
allied-irish-banks,Allied Irish Banks,,,,
trw-automotive-holdings,TRW Automotive Holdings,TRW Automotive,,,
trw-automotive,,,,,
metallurgical-corp-of-china,Metallurgical Corp of China,,,,
bunge,Bunge,,,,
kao-corp,Kao Corp,Kao,,,
idgc-holding,IDGC Holding,IDGC,,,
idgc,,,,,
kering,Kering,,,,
hyundai-steel,Hyundai Steel,,,,
emirates-nbd,Emirates NBD,,,,
lg-electronics,LG Electronics,LG,,,
lg,,,,,
motorola-solutions,Motorola Solutions,Motorola,,,
motorola,,,,,
telekom-indonesia,Telekom Indonesia,,,,
noble-energy,Noble Energy,,,,
enbw-energie-baden,EnBW-Energie Baden,,,,
barrick-gold,Barrick Gold,,,,
cognizant-technology,Cognizant Technology,Cognizant,,,
cognizant,,,,,
international-airlines,International Airlines,,,,
mercantil-servicios,Mercantil Servicios,,,,
peugeot,Peugeot,,,,
murata-manufacturing,Murata Manufacturing,Murata,,,
murata,,,,,
cencosud,Cencosud,,,,
tyco-international,Tyco International,Tyco,,,
tyco,,,,,
chubu-electric-power,Chubu Electric Power,,,,
skanska,Skanska,,,,
l-3-communications,L-3 Communications,,,,
leucadia-national,Leucadia National,,,,
vmware,VMware,,,,
kuehne-+-nagel,Kuehne + Nagel,Kuehne Nagel,,,
kuehne-nagel,,,,,
eastman-chemical,Eastman Chemical,,,,
lg-display,LG Display,,,,
cemex,Cemex,,,,
shimao-property-holdings,Shimao Property Holdings,Shimao Property,,,
shimao-property,,,,,
saudi-british-bank,Saudi British Bank,,,,
cameron-international,Cameron International,,,,
mediolanum,Mediolanum,,,,
discovery-communications,Discovery Communications,,,,
china-yangtze-power,China Yangtze Power,,,,
punjab-national-bank,Punjab National Bank,,,,
china-cnr,China CNR,,,,
grupa-pzu,Grupa PZU,,,,
capgemini,Capgemini,,,,
krung-thai-bank,Krung Thai Bank,,,,
republic-services,Republic Services,,,,
bank-of-baroda,Bank of Baroda,,,,
sinohydro-group,Sinohydro Group,Sinohydro,,,
sinohydro,,,,,
mahindra-&-mahindra,Mahindra & Mahindra,Mahindra&Mahindra,,,
mahindra&mahindra,,Mahindra,,,
mahindra,,,,,
san-miguel,San Miguel,,,,
valeo,Valeo,,,,
rtl-group,RTL Group,Rtl,,,
rtl,,,,,
longfor-properties,Longfor Properties,,,,
vienna-insurance-group,Vienna Insurance Group,Vienna Insurance,,,
vienna-insurance,,,,,
goodyear,Goodyear,,,,
kpn,KPN,,,,
aes,AES,,,,
fluor,Fluor,,,,
abu-dhabi-commercial-bank,Abu Dhabi Commercial Bank,,,,
weyerhaeuser,Weyerhaeuser,,,,
mylan,Mylan,,,,
bank-of-east-asia,Bank of East Asia,,,,
ensco,Ensco,,,,
antarchile,AntarChile,,,,
hollyfrontier,HollyFrontier,,,,
woori-finance-holdings,Woori Finance Holdings,Woori Finance,,,
woori-finance,,,,,
china-shipbuilding-industry,China Shipbuilding Industry,,,,
bank-hapoalim,Bank Hapoalim,,,,
stanley-black-&-decker,Stanley Black & Decker,Stanley Black&Decker,,,
stanley-black&decker,,,,,
sjm-holdings,SJM Holdings,Sjm,,,
sjm,,,,,
bed-bath-&-beyond,Bed Bath & Beyond,Bed Bath&Beyond,,,
bed-bath&beyond,,Bed Bath Beyond,,,
bed-bath-beyond,,,,,
upm-kymmene,UPM-Kymmene,,,,
itc,ITC,,,,
mega-financial-holding,Mega Financial Holding,,,,
lg-corp,LG Corp,,,,
invesco,Invesco,,,,
american-capital-agency,American Capital Agency,,,,
kone,Kone,,,,
pearson,Pearson,,,,
great-wall-motor,Great Wall Motor,,,,
lixil-group,Lixil Group,Lixil,,,
lixil,,,,,
voestalpine,Voestalpine,,,,
hanwha-life-insurance,Hanwha Life Insurance,,,,
hertz-global-holdings,Hertz Global Holdings,Hertz Global,,,
hertz-global,,,,,
galp-energia,Galp Energia,Galp,,,
galp,,,,,
formosa-plastics,Formosa Plastics,,,,
autozone,AutoZone,,,,
eiffage,Eiffage,,,,
symantec,Symantec,,,,
wipro,Wipro,,,,
nielsen-holdings,Nielsen Holdings,Nielsen,,,
nielsen,,,,,
l-brands,L Brands,Lbrands,,,
lbrands,,,,,
origin-energy,Origin Energy,,,,
ubi-banca,UBI Banca,,,,
rakuten,Rakuten,,,,
fanuc,Fanuc,,,,
sherwin-williams,Sherwin-Williams,,,,
naspers,Naspers,,,,
actavis,Actavis,,,,
tokyu,Tokyu,,,,
royal-caribbean-cruises,Royal Caribbean Cruises,Royal Caribbean,,,
royal-caribbean,,,,,
axiata-group,Axiata Group,Axiata,,,
axiata,,,,,
datang-international-power,Datang International Power,,,,
essilor-international,Essilor International,Essilor,,,
essilor,,,,,
assa-abloy,Assa Abloy,,,,
reed-elsevier,Reed Elsevier,,,,
constellation-brands,Constellation Brands,,,,
sandisk,SanDisk,,,,
applied-materials,Applied Materials,,,,
whole-foods-market,Whole Foods Market,Whole Foods,,,
whole-foods,,,,,
ica-gruppen,ICA Gruppen,,,,
hcp,HCP,,,,
oi,Oi,,,,
bharat-heavy-electricals,Bharat Heavy Electricals,,,,
unipol-gruppo,Unipol Gruppo,,,,
kweichow-moutai,Kweichow Moutai,,,,
td-ameritrade-holding,TD Ameritrade Holding,,,,
grupo-televisa,Grupo Televisa,,,,
marriott-international,Marriott International,Marriott,,,
marriott,,,,,
secom,Secom,,,,
genuine-parts,Genuine Parts,,,,
ross-stores,Ross Stores,,,,
rushydro,RusHydro,,,,
agilent-technologies,Agilent Technologies,,,,
textron,Textron,,,,
staples,Staples,,,,
everest-re-group,Everest Re Group,Everest Re,,,
everest-re,,,,,
weatherford-international,Weatherford International,Weatherford,,,
weatherford,,,,,
land-securities-group,Land Securities Group,Land Securities,,,
land-securities,,,,,
ww-grainger,WW Grainger,,,,
american-tower,American Tower,,,,
jiangxi-copper,Jiangxi Copper,,,,
bank-of-ireland,Bank of Ireland,,,,
chow-tai-fook-jewellery,Chow Tai Fook Jewellery,,,,
samsung-c&t,Samsung C&T,,,,
beiersdorf,Beiersdorf,,,,
pgnig-group,Pgnig Group,Pgnig,,,
pgnig,,,,,
samsung-heavy-industries,Samsung Heavy Industries,,,,
cf-industries-holdings,CF Industries Holdings,Cf Industries,,,
cf-industries,,,,,
credicorp,Credicorp,,,,
industries-qatar,Industries Qatar,,,,
hershey,Hershey,,,,
sinopharm-group,Sinopharm Group,Sinopharm,,,
sinopharm,,,,,
power-assets-holdings,Power Assets Holdings,Power Assets,,,
power-assets,,,,,
belgacom,Belgacom,,,,
areva,Areva,,,,
rostelecom,Rostelecom,,,,
dsm,DSM,,,,
cit-group,CIT Group,Cit,,,
cit,,,,,
nordstrom,Nordstrom,,,,
vakifbank,VakifBank,,,,
hanwha-corp,Hanwha Corp,,,,
kobe-steel,Kobe Steel,,,,
cemig,Cemig,,,,
genting,Genting,,,,
financiere-de-l'odet,Financiere de l'Odet,,,,
zhejiang-zheneng-electric-power,Zhejiang Zheneng Electric Power,Zhejiang Zheneng,,,
zhejiang-zheneng,,,,,
boston-properties,Boston Properties,,,,
starbucks,Starbucks,,,,
nec,NEC,,,,
valeant-pharmaceuticals,Valeant Pharmaceuticals,,,,
news-corp,News Corp,,,,
finatis,Finatis,,,,
phoenix-group-holdings,Phoenix Group Holdings,Phoenix Group,,,
phoenix-group,,,,,
tesoro,Tesoro,,,,
gkn,GKN,,,,
nippon-yusen,Nippon Yusen,,,,
csl,CSL,,,,
shanghai-international-port,Shanghai International Port,,,,
nrg-energy,NRG Energy,Nrg,,,
nrg,,,,,
banque-saudi-fransi,Banque Saudi Fransi,,,,
dexia,Dexia,,,,
kt-corp,KT Corp,,,,
banque-nationale-de-belgique,Banque nationale de Belgique,,,,
huadian-power-international,Huadian Power International,,,,
ryanair-holdings,Ryanair Holdings,Ryanair,,,
ryanair,,,,,
carmax,CarMax,,,,
shanghai-electric-group,Shanghai Electric Group,,,,
investec,Investec,,,,
aluminum-corp-of-china,Aluminum Corp of China,,,,
nisource,NiSource,,,,
huntington-bancshares,Huntington Bancshares,,,,
rsa-insurance-group,RSA Insurance Group,Rsa Insurance,,,
rsa-insurance,,,,,
haitong-securities,Haitong Securities,,,,
pentair,Pentair,,,,
onex,Onex,,,,
dassault-aviation,Dassault Aviation,,,,
sumitomo-metal-mining,Sumitomo Metal Mining,,,,
comerica,Comerica,,,,
hong-kong-&-china-gas,Hong Kong & China Gas,Hong Kong&China Gas,,,
hong-kong&china-gas,,,,,
oneok,Oneok,,,,
emaar-properties,Emaar Properties,,,,
link-reit,Link REIT,,,,
gail-india,GAIL India,,,,
uni-president,Uni-President,,,,
hindalco-industries,Hindalco Industries,,,,
turkcell,Turkcell,,,,
reinsurance-group-of-america,Reinsurance Group of America,,,,
johnson-matthey,Johnson Matthey,,,,
korea-gas,Korea Gas,,,,
mgm-resorts,MGM Resorts,,,,
sm-investments,SM Investments,,,,
broadcom,Broadcom,,,,
bank-negara-indonesia,Bank Negara Indonesia,,,,
canara-bank,Canara Bank,,,,
kuwait-finance-house,Kuwait Finance House,,,,
singapore-airlines,Singapore Airlines,,,,
asustek-computer,Asustek Computer,,,,
antofagasta,Antofagasta,,,,
fidelity-national-information,Fidelity National Information,,,,
cathay-pacific-airways,Cathay Pacific Airways,,,,
st-jude-medical,St Jude Medical,,,,
cgi-group,CGI Group,Cgi,,,
cgi,,,,,
noble-group,Noble Group,,,,
bank-of-india,Bank of India,,,,
public-storage,Public Storage,,,,
jeronimo-martins,Jeronimo Martins,,,,
bank-of-greece,Bank of Greece,,,,
capitaland,CapitaLand,,,,
schroders,Schroders,,,,
coca-cola-enterprises,Coca-Cola Enterprises,,,,
tata-steel,Tata Steel,,,,
rockwell-automation,Rockwell Automation,,,,
finmeccanica,Finmeccanica,,,,
avnet,Avnet,,,,
wm-morrison-supermarkets,Wm Morrison Supermarkets,,,,
canadian-tire,Canadian Tire,,,,
china-oilfield-services,China Oilfield Services,,,,
ralph-lauren,Ralph Lauren,,,,
showa-shell-sekiyu,Showa Shell Sekiyu,,,,
schindler-holding,Schindler Holding,Schindler,,,
schindler,,,,,
bank-of-yokohama,Bank of Yokohama,,,,
lorillard,Lorillard,,,,
grupo-carso,Grupo Carso,,,,
banco-popolare,Banco Popolare,,,,
continental-resources,Continental Resources,,,,
ca,CA,,,,
nhn,NHN,,,,
wynn-resorts,Wynn Resorts,,,,
arab-national-bank,Arab National Bank,,,,
weichai-power,Weichai Power,,,,
amcor,Amcor,,,,
wendel,Wendel,,,,
bidvest-group,Bidvest Group,,,,
bidvest,,,,,
brambles,Brambles,,,,
hankyu-hanshin-holdings,Hankyu Hanshin Holdings,Hankyu Hanshin,,,
hankyu-hanshin,,,,,
qingdao-haier,Qingdao Haier,,,,
sun-art-retail-group,Sun Art Retail Group,Sun Art Retail,,,
sun-art-retail,,,,,
power-grid-of-india,Power Grid of India,,,,
intercontinentalexchange,IntercontinentalExchange,,,,
rock-tenn,Rock-Tenn,,,,
mattel,Mattel,,,,
pohjola-bank,Pohjola Bank,,,,
shaanxi-coal-industry,Shaanxi Coal Industry,,,,
centerpoint-energy,CenterPoint Energy,,,,
advanced-info-service,Advanced Info Service,,,,
harley-davidson,Harley-Davidson,,,,
dp-world,DP World,,,,
chongqing-rural-bank,Chongqing Rural Bank,,,,
legrand,Legrand,,,,
uralkali,Uralkali,,,,
kyushu-electric-power,Kyushu Electric Power,,,,
sgs,SGS,,,,
terna,Terna,,,,
grupo-bimbo,Grupo Bimbo,,,,
guangzhou-r&f,Guangzhou R&F,,,,
mediatek,Mediatek,,,,
kghm-polska-miedz,KGHM Polska Miedz,,,,
ventas,Ventas,,,,
o'reilly-automotive,O'Reilly Automotive,,,,
newmont-mining,Newmont Mining,,,,
neste-oil,Neste Oil,,,,
sumitomo-chemical,Sumitomo Chemical,,,,
air-france-klm,Air France-KLM,Air France,,,
air-france,,Klm,,,
klm,,,,,
shin-kong-financial,Shin Kong Financial,,,,
shin-kong,,,,,
tingyi-holding,Tingyi Holding,,,,
tingyi,,,,,
mcgraw-hill-cos,McGraw-Hill Cos,,,,
mcgraw-hill,,,,,
shire,Shire,,,,
assurant,Assurant,,,,
borgwarner,BorgWarner,,,,
cielo,Cielo,,,,
bharat-petroleum,Bharat Petroleum,,,,
dangote-cement,Dangote Cement,,,,
ihi,IHI,,,,
helvetia-holding,Helvetia Holding,Helvetia,,,
helvetia,,,,,
ashland,Ashland,,,,
latam-airlines,Latam Airlines,Latam,,,
latam,,,,,
ambac-financial-group,Ambac Financial Group,Ambac,,,
ambac,,,,,
all-nippon-airways,All Nippon Airways,All Nippon,,,
all-nippon,,,,,
rhb-capital,RHB Capital,Rhb,,,
rhb,,,,,
henan-shuanghui-investment,Henan Shuanghui Investment,,,,
united-utilities,United Utilities,,,,
storebrand,Storebrand,,,,
hormel-foods,Hormel Foods,,,,
intact-financial,Intact Financial,,,,
delhaize-group,Delhaize Group,Delhaize,,,
delhaize,,,,,
norsk-hydro,Norsk Hydro,,,,
petronas-chemicals,Petronas Chemicals,,,,
prologis,Prologis,,,,
randstad-holding,Randstad Holding,Randstad,,,
randstad,,,,,
sembcorp-industries,Sembcorp Industries,Sembcorp,,,
sembcorp,,,,,
attijariwafa-bank,Attijariwafa Bank,,,,
melco-crown-entertainment,Melco Crown Entertainment,,,,
china-resources-enterprise,China Resources Enterprise,,,,
china-eastern-airlines,China Eastern Airlines,,,,
mitsubishi-materials,Mitsubishi Materials,,,,
celanese,Celanese,,,,
shaw-communications,Shaw Communications,,,,
prada,Prada,,,,
ses,SES,,,,
tohoku-electric-power,Tohoku Electric Power,,,,
lend-lease-group,Lend Lease Group,,,,
alleghany,Alleghany,,,,
arrow-electronics,Arrow Electronics,,,,
boston-scientific,Boston Scientific,,,,
shizuoka-bank,Shizuoka Bank,,,,
stora-enso,Stora Enso,,,,
hyundai-engineering,Hyundai Engineering,,,,
suntory-beverage-&-food,Suntory Beverage & Food,Suntory,,,
suntory,,,,,
chicago-bridge-&-iron,Chicago Bridge & Iron,Chicago Bridge&Iron,,,
chicago-bridge&iron,,,,,
daito-trust-construction,Daito Trust Construction,,,,
pultegroup,PulteGroup,,,,
t-rowe-price,T Rowe Price,,,,
huishang-bank-corporation-limited,Huishang Bank Corporation Limited,Huishang Bank,,,
huishang-bank,,,,,
quest-diagnostics,Quest Diagnostics,,,,
cms-energy,CMS Energy,,,,
pkn-orlen,PKN Orlen,,,,
arab-bank,Arab Bank,,,,
china-southern-airlines,China Southern Airlines,,,,
yamato-holdings,Yamato Holdings,,,,
kawasaki-heavy-industries,Kawasaki Heavy Industries,Kawasaki,,,
kawasaki,,,,,
brenntag,Brenntag,,,,
zimmer-holdings,Zimmer Holdings,,,,
bank-of-ningbo,Bank of Ningbo,,,,
general-growth-properties,General Growth Properties,,,,
rexel,Rexel,,,,
charter-communications,Charter Communications,,,,
netapp,NetApp,,,,
starwood-hotels,Starwood Hotels,Starwood,,,
starwood,,,,,
gjensidige-forsikring,Gjensidige Forsikring,,,,
mol-hungarian-oil,MOL Hungarian Oil,,,,
london-stock-exchange,London Stock Exchange,,,,
uniqa,Uniqa,,,,
campbell-soup,Campbell Soup,,,,
keyence,Keyence,,,,
santos,Santos,,,,
dollar-tree,Dollar Tree,,,,
taishin-financial-holdings,Taishin Financial Holdings,Taishin Financial,,,
taishin-financial,,,,,
bank-of-nanjing,Bank of Nanjing,,,,
delta-lloyd,Delta Lloyd,,,,
industrivarden,Industrivarden,,,,
smc-corp,SMC Corp,,,,
ambank-group,AmBank Group,Ambank,,,
ambank,,,,,
western-union,Western Union,,,,
suning-appliance,Suning Appliance,,,,
turk-telekom,Turk Telekom,,,,
first-republic-bank,First Republic Bank,,,,
fiserv,Fiserv,,,,
doosan,Doosan,,,,
mediobanca,Mediobanca,,,,
vedanta-resources,Vedanta Resources,,,,
osaka-gas,Osaka Gas,,,,
easyjet,EasyJet,,,,
asahi-glass,Asahi Glass,,,,
byd,BYD,,,,
partnerre,PartnerRe,,,,
wisconsin-energy,Wisconsin Energy,,,,
fairfax-financial,Fairfax Financial,,,,
kinnevik,Kinnevik,,,,
dongbu-insurance,Dongbu Insurance,,,,
colruyt,Colruyt,,,,
bci-banco-credito,BCI-Banco Credito,,,,
molson-coors-brewing,Molson Coors Brewing,,,,
bank-leumi,Bank Leumi,,,,
eurazeo,Eurazeo,,,,
hong-kong-exchanges,Hong Kong Exchanges,,,,
sears-holdings,Sears Holdings,Sears,,,
sears,,,,,
alliance-data-systems,Alliance Data Systems,,,,
el-puerto-de-liverpool,El Puerto de Liverpool,,,,
arch-capital-group,Arch Capital Group,Arch Capital,,,
arch-capital,,,,,
fmc-technologies,FMC Technologies,Fmc,,,
fmc,FMC,,,,
verbund,Verbund,,,,
kintetsu,Kintetsu,,,,
hcl-technologies,HCL Technologies,Hcl,,,
hcl,,,,,
experian,Experian,,,,
e-mart,E-mart,,,,
sabesp,Sabesp,,,,
intuit,Intuit,,,,
goldcorp,Goldcorp,,,,
dai-nippon-printing,Dai Nippon Printing,Dai Nippon,,,
dai-nippon,,,,,
quinenco,Quinenco,,,,
mitsubishi-ufj-lease,Mitsubishi UFJ Lease,,,,
saputo,Saputo,,,,
delta-electronics,Delta Electronics,,,,
cpfl-energia,CPFL Energia,Cpfl,,,
cpfl,,,,,
chiba-bank,Chiba Bank,Chiba,,,
chiba,,,,,
global-logistic-properties,Global Logistic Properties,,,,
advanced-semiconductor,Advanced Semiconductor,,,,
enka,Enka,,,,
henry-schein,Henry Schein,,,,
lear,Lear,,,,
hyundai-glovis,Hyundai Glovis,,,,
amadeus-it-holdings,Amadeus IT Holdings,Amadeus It,,,
amadeus-it,,,,,
hang-lung-group,Hang Lung Group,Hang Lung,,,
hang-lung,,,,,
autoliv,Autoliv,,,,
inner-mongolia-yili,Inner Mongolia Yili,,,,
zoomlion-heavy-industry,Zoomlion Heavy Industry,,,,
braskem,Braskem,,,,
doosan-heavy-industries,Doosan Heavy Industries,,,,
metalurgica-gerdau,Metalurgica Gerdau,,,,
alrosa,Alrosa,,,,
ameren,Ameren,,,,
sojitz,Sojitz,,,,
caltex-australia,Caltex Australia,Caltex,,,
caltex,,,,,
fidelity-national-financial,Fidelity National Financial,,,,
nidec,Nidec,,,,
hebei-iron-&-steel,Hebei Iron & Steel,Hebei Iron&Steel,,,
hebei-iron&steel,,,,,
american-financial-group,American Financial Group,,,,
encana,Encana,,,,
top-frontier-investment-holdings,Top Frontier Investment Holdings,Top Frontier Investment,,,
top-frontier-investment,,,,,
wr-berkley,WR Berkley,,,,
moody's,Moody's,Moodys,,,
moodys,,,,,
espirito-santo-financial,Espirito Santo Financial,Espirito Santo,,,
espirito-santo,,,,,
jacobs-engineering,Jacobs Engineering,Jacobs,,,
jacobs,,,,,
beijing-enterprises,Beijing Enterprises,,,,
china-taiping-insurance,China Taiping Insurance,,,,
atos,ATOS,,,,
flextronics-international,Flextronics International,Flextronics,,,
flextronics,,,,,
want-want-china,Want Want China,Want Want,,,
want-want,,,,,
yamaha-motor,Yamaha Motor,Yamaha,,,
yamaha,,,,,
julius-baer-group,Julius Baer Group,Julius Baer,,,
julius-baer,,,,,
s-oil,S-Oil,,,,
direct-line-insurance,Direct Line Insurance,,,,
dr-pepper-snapple-group,Dr Pepper Snapple Group,Dr Pepper Snapple,,,
dr-pepper-snapple,,,,,
pegatron,Pegatron,,,,
nintendo,Nintendo,,,,
banca-mps,Banca MPS,,,,
bpi,BPI,,,,
cincinnati-financial,Cincinnati Financial,,,,
hindustan-petroleum,Hindustan Petroleum,,,,
mondi,Mondi,,,,
anadolu-efes,Anadolu Efes,,,,
hal-trust,HAL Trust,,,,
crown-castle-international,Crown Castle International,,,,
lennar,Lennar,,,,
equity-residential,Equity Residential,,,,
cosmo-oil,Cosmo Oil,,,,
zain,Zain,,,,
zte,ZTE,,,,
industrial-alliance-insurance,Industrial Alliance Insurance,,,,
wuliangye-yibin,Wuliangye Yibin,,,,
intuitive-surgical,Intuitive Surgical,,,,
oriental-land,Oriental Land,,,,
pldt,PLDT,,,,
ch-robinson-worldwide,CH Robinson Worldwide,Ch Robinson,,,
ch-robinson,,,,,
sino-ocean-land-holdings,Sino-Ocean Land Holdings,Sino Ocean Land,,,
sino-ocean-land,,,,,
union-bank-of-india,Union Bank of India,,,,
cp-all,CP All,,,,
ajinomoto,Ajinomoto,,,,
oji-holdings,Oji Holdings,Oji,,,
oji,,,,,
adani-enterprises,Adani Enterprises,Adani,,,
adani,,,,,
ingram-micro,Ingram Micro,,,,
avalonbay-communities,Avalonbay Communities,Avalonbay,,,
avalonbay,,,,,
host-hotels-&-resorts,Host Hotels & Resorts,Host Hotels&Resorts,,,
host-hotels&resorts,,,,,
brown-forman,Brown-Forman,,,,
jm-smucker,JM Smucker,,,,
saudi-arabian-fertilizers,Saudi Arabian Fertilizers,,,,
mead-johnson-nutrition,Mead Johnson Nutrition,,,,
xiamen-c&d,Xiamen C&D,,,,
clorox,Clorox,,,,
century-tokyo-leasing,Century Tokyo Leasing,,,,
amphenol,Amphenol,,,,
hong-leong-financial,Hong Leong Financial,,,,
novolipetsk-steel,Novolipetsk Steel,,,,
harbin-bank,Harbin Bank,,,,
banco-comercial-portugues,Banco Comercial Portugues,,,,
mitsui-osk-lines,Mitsui OSK Lines,Mitsui Osk,,,
mitsui-osk,,,,,
tui,TUI,,,,
first-quantum-minerals,First Quantum Minerals,First Quantum,,,
first-quantum,,,,,
southwestern-energy,Southwestern Energy,,,,
kotak-mahindra-bank,Kotak Mahindra Bank,,,,
agile-property-holdings,Agile Property Holdings,Agile Property,,,
agile-property,,,,,
dubai-islamic-bank,Dubai Islamic Bank,,,,
cj-corp,CJ Corp,,,,
bank-of-ayudhya,Bank of Ayudhya,,,,
raymond-james-financial,Raymond James Financial,,,,
thai-beverage,Thai Beverage,,,,
michael-kors-holdings,Michael Kors Holdings,Michael Kors,,,
michael-kors,,,,,
bankinter,Bankinter,,,,
skf-group,SKF Group,Skf,,,
skf,,,,,
health-care-reit,Health Care REIT,,,,
chugoku-electric-power,Chugoku Electric Power,,,,
gemdale,Gemdale,,,,
shinsei-bank,Shinsei Bank,,,,
autonation,AutoNation,,,,
otp-bank,OTP Bank,,,,
dsme,DSME,,,,
greentown-china-holdings,Greentown China Holdings,Greentown China,,,
greentown-china,,,,,
delek-group,Delek Group,Delek,,,
delek,,,,,
eisai,Eisai,,,,
misc,MISC,,,,
belle-international-holdings,Belle International Holdings,Belle International,,,
belle-international,,,,,
essar-energy,Essar Energy,Essar,,,
essar,,,,,
consol-energy,CONSOL Energy,,,,
shoprite-holdings,Shoprite Holdings,Shoprite,,,
shoprite,,,,,
oil-&-gas-development,Oil & Gas Development,Oil&Gas Development,,,
oil&gas-development,,,,,
china-cosco-holdings,China Cosco Holdings,Cosco,,,
cosco,,China Cosco,,,
china-cosco,,,,,
nikon,Nikon,,,,
masraf-al-rayan,Masraf Al Rayan,,,,
taisei,Taisei,,,,
gf-securities,GF Securities,,,,
westfield-retail-trust,Westfield Retail Trust,,,,
petrofac,Petrofac,,,,
zions-bancorp,Zions Bancorp,,,,
idbi-bank,IDBI Bank,Idbi,,,
idbi,,,,,
bbmg,BBMG,,,,
savola-group,Savola Group,Savola,,,
savola,,,,,
sun-pharma-industries,Sun Pharma Industries,Sun Pharma,,,
sun-pharma,,,,,
vornado-realty,Vornado Realty,,,,
first-financial-holding,First Financial Holding,,,,
canadian-oil-sands,Canadian Oil Sands,,,,
china-merchants-property,China Merchants Property,,,,
pirelli-&-c,Pirelli & C,Pirelli&C,,,
pirelli&c,,Pirelli,,,
pirelli,,,,,
omron,OMRON,,,,
seiko-epson,Seiko Epson,,,,
hoya,Hoya,,,,
juniper-networks,Juniper Networks,,,,
saudi-arabian-mining,Saudi Arabian Mining,,,,
metro-inc,Metro Inc,,,,
universal-health,Universal Health,,,,
givaudan,Givaudan,,,,
petronas-gas,Petronas Gas,Petronas,,,
petronas,,,,,
severstal,Severstal,,,,
regeneron-pharmaceuticals,Regeneron Pharmaceuticals,Regeneron,,,
regeneron,,,,,
pgn,PGN,,,,
nitto-denko,Nitto Denko,,,,
china-national-chemical,China National Chemical,,,,
hankook-tire,Hankook Tire,Hankook,,,
hankook,,,,,
keurig-green-mountain,Keurig Green Mountain,,,,
torchmark,Torchmark,,,,
infineon-technologies,Infineon Technologies,Infineon,,,
infineon,,,,,
aeroports-de-paris,Aeroports de Paris,,,,
orica,Orica,,,,
paychex,Paychex,,,,
kazmunaigas-exploration,KazMunaiGas Exploration,,,,
ahli-united-bank,Ahli United Bank,,,,
severn-trent,Severn Trent,,,,
inter-rao,Inter Rao,,,,
cno-financial-group,CNO Financial Group,Cno Financial,,,
cno-financial,,,,,
obayashi,Obayashi,,,,
jgc,JGC,,,,
steel-authority-of-india,Steel Authority of India,,,,
abengoa,Abengoa,,,,
zoetis,Zoetis,,,,
medipal-holdings,Medipal Holdings,Medipal,,,
medipal,,,,,
ytl,YTL,,,,
helmerich-&-payne,Helmerich & Payne,Helmerich&Payne,,,
helmerich&payne,,,,,
tcl-corp,TCL Corp,,,,
avago-technologies,Avago Technologies,Avago,,,
avago,,,,,
coca-cola-hbc,Coca-Cola HBC,Hbc,,,
hbc,,,,,
rural-electrification,Rural Electrification,,,,
evraz-group,Evraz Group,,,,
evraz,,,,,
xilinx,Xilinx,,,,
rockwell-collins,Rockwell Collins,,,,
deutsche-annington-immobilien,Deutsche Annington Immobilien,Deutsche Annington,,,
deutsche-annington,,,,,
labcorp,LabCorp,,,,
maxis,Maxis,,,,
agl-energy,AGL Energy,,,,
ternium,Ternium,,,,
family-dollar-stores,Family Dollar Stores,,,,
china-international-marine,China International Marine,,,,
aozora-bank,Aozora Bank,,,,
electrolux-group,Electrolux Group,Electrolux,,,
electrolux,,,,,
vallourec,Vallourec,,,,
coloplast,Coloplast,,,,
check-point-software,Check Point Software,,,,
protective-life,Protective Life,,,,
qantas-airways,Qantas Airways,Qantas,,,
qantas,,,,,
pvh,PVH,,,,
kajima,Kajima,,,,
calpine,Calpine,,,,
shanghai-construction,Shanghai Construction,,,,
smith-&-nephew,Smith & Nephew,Smith&Nephew,,,
smith&nephew,,,,,
csn,CSN,,,,
banco-davivienda,Banco Davivienda,,,,
portugal-telecom,Portugal Telecom,,,,
nmdc,NMDC,,,,
ccr,CCR,,,,
dr-horton,DR Horton,,,,
unicharm,Unicharm,,,,
agco,AGCO,,,,
rite-aid,Rite Aid,,,,
mohawk-industries,Mohawk Industries,,,,
uc-rusal,UC Rusal,,,,
cr-bard,CR Bard,,,,
scana,SCANA,,,,
cheng-shin-rubber-industry-co.,Cheng Shin Rubber Industry Co.,Cheng Shin Rubber,,,
cheng-shin-rubber,,,,,
manpower,Manpower,,,,
bunzl,Bunzl,,,,
toppan-printing,Toppan Printing,,,,
sekisui-chemical,Sekisui Chemical,,,,
metropolitan-bank-&-trust,Metropolitan Bank & Trust,Metropolitan Bank&Trust,,,
metropolitan-bank&trust,,,,,
jiangsu-yanghe-brewery,Jiangsu Yanghe Brewery,,,,
petro-rabigh,Petro Rabigh,,,,
ucb,UCB,,,,
innolux,Innolux,,,,
stockland-australia,Stockland Australia,,,,
travis-perkins,Travis Perkins,,,,
korean-air,Korean Air,,,,
zijin-mining-group,Zijin Mining Group,,,,
zijin-mining,,,,,
flowserve,Flowserve,,,,
axis-capital-holdings,Axis Capital Holdings,Axis Capital,,,
axis-capital,,,,,
mail.ru-group-ltd.-sponsored-gdr-regs,Mail.ru Group Ltd. Sponsored GDR RegS,Mail.Ru,,,
mail.ru,,,,,
yamaguchi-financial,Yamaguchi Financial,,,,
markel,Markel,,,,
gea-group,GEA Group,,,,
sany-heavy-industry,Sany Heavy Industry,,,,
mashreq-bank,Mashreq Bank,,,,
iliad,Iliad,,,,
commercial-bank-of-qatar,Commercial Bank of Qatar,,,,
au-optronics,AU Optronics,,,,
wuhan-iron-&-steel,Wuhan Iron & Steel,Wuhan Iron&Steel,,,
wuhan-iron&steel,,,,,
nippon-express,Nippon Express,,,,
hyundai-marine-&-fire,Hyundai Marine & Fire,Hyundai Marine&Fire,,,
hyundai-marine&fire,,,,,
talisman-energy,Talisman Energy,,,,
hellenic-telecom,Hellenic Telecom,,,,
garmin,Garmin,,,,
perrigo,Perrigo,,,,
roper-industries,Roper Industries,,,,
wyndham-worldwide,Wyndham Worldwide,,,,
community-health-sys,Community Health Sys,,,,
advance-auto-parts,Advance Auto Parts,,,,
aldar-properties,Aldar Properties,,,,
charoen-pokphand-foods,Charoen Pokphand Foods,Charoen Pokphand,,,
charoen-pokphand,,,,,
tele2,Tele2,,,,
adobe-systems,Adobe Systems,Adobe,,,
adobe,,,,,
accor,Accor,,,,
zodiac-aerospace,Zodiac Aerospace,,,,
pioneer-natural-resources,Pioneer Natural Resources,,,,
bta-bank,Bta Bank,,,,
banco-occidental,Banco Occidental,,,,
starwood-property-trust,Starwood Property Trust,,,,
gecina,Gecina,,,,
strabag,STRABAG,,,,
cerner,Cerner,,,,
united-rentals,United Rentals,,,,
st-engineering,ST Engineering,,,,
caesars-entertainment,Caesars Entertainment,,,,
lotte-chemical,Lotte Chemical,,,,
dassault-systemes,Dassault Systemes,,,,
taqa,TAQA,,,,
eqt,EQT,,,,
shimizu,Shimizu,,,,
alfresa-holdings,Alfresa Holdings,Alfresa,,,
alfresa,,,,,
ametek,Ametek,,,,
fukuoka-financial-group,Fukuoka Financial Group,Fukuoka Financial,,,
fukuoka-financial,,,,,
syndicate-bank,Syndicate Bank,,,,
level-3-communications,Level 3 Communications,,,,
remgro,Remgro,,,,
aramark,Aramark,,,,
acciona,Acciona,,,,
nomos-bank,Nomos Bank,,,,
guangdong-electric-power,Guangdong Electric Power,,,,
shanghai-pharmaceuticals,Shanghai Pharmaceuticals,,,,
itv,ITV,,,,
renesas-electronics,Renesas Electronics,,,,
crown-resorts,Crown Resorts,,,,
e-trade-financial,E-Trade Financial,,,,
tdc,TDC,,,,
olam-international,Olam International,,,,
assured-guaranty,Assured Guaranty,,,,
kla-tencor,KLA-Tencor,,,,
mitsui-chemicals,Mitsui Chemicals,,,,
netease,Netease,,,,
alfa-laval,Alfa Laval,,,,
sdic-power-holdings,SDIC Power Holdings,Sdic Power,,,
sdic-power,,,,,
shenzhen-overseas,Shenzhen Overseas,,,,
kerry-group,Kerry Group,,,,
kingdom-holding,Kingdom Holding,,,,
soho-china,SOHO China,,,,
hua-nan-financial,Hua Nan Financial,,,,
fastenal,Fastenal,,,,
sinopac-financial,SinoPac Financial,Sinopac,,,
sinopac,,,,,
china-longyuan-power,China Longyuan Power,,,,
bm&f-bovespa,BM&F Bovespa,,,,
china-merchants-holdings,China Merchants Holdings,,,,
chongqing-changan-auto,Chongqing Changan Auto,,,,
fcc,FCC,,,,
olympus,Olympus,,,,
yanzhou-coal-mining,Yanzhou Coal Mining,,,,
china-life-insurance-(taiwan),China Life Insurance (Taiwan),,,,
nxp-semiconductors,NXP Semiconductors,Nxp,,,
nxp,,,,,
sunac-china-holdings,Sunac China Holdings,Sunac China,,,
sunac-china,,,,,
interpublic-group,Interpublic Group,Interpublic,,,
interpublic,,,,,
electric-power-development,Electric Power Development,,,,
quanta-services,Quanta Services,,,,
hengan-international-group,Hengan International Group,Hengan International,,,
hengan-international,,,,,
zenith-bank,Zenith Bank,,,,
petronas-dagangan,Petronas Dagangan,,,,
bendigo-&-adelaide-bank,Bendigo & Adelaide Bank,Bendigo&Adelaide Bank,,,
bendigo&adelaide-bank,,,,,
whitbread,Whitbread,,,,
turkish-airlines,Turkish Airlines,,,,
hexagon,Hexagon,,,,
yamada-denki,Yamada Denki,,,,
old-republic-international,Old Republic International,,,,
visteon,Visteon,,,,
grifols,Grifols,,,,
x5-retail-group,X5 Retail Group,X5 Retail,,,
x5-retail,,,,,
compal-electronics,Compal Electronics,,,,
angang-steel,Angang Steel,,,,
cbre-group,CBRE Group,Cbre,,,
cbre,,,,,
sika,Sika,,,,
manila-electric,Manila Electric,,,,
shanxi-taigang-stainless,Shanxi Taigang Stainless,,,,
bajaj-auto,Bajaj Auto,,,,
scripps-networks-interactive,Scripps Networks Interactive,Scripps Networks,,,
scripps-networks,,,,,
cimarex-energy,Cimarex Energy,,,,
union-national-bank,Union National Bank,,,,
terumo,Terumo,,,,
geberit,Geberit,,,,
taiwan-mobile,Taiwan Mobile,,,,
american-water-works,American Water Works,,,,
isetan-mitsukoshi-holdings,Isetan Mitsukoshi Holdings,Isetan Mitsukoshi,,,
isetan-mitsukoshi,,,,,
wolters-kluwer,Wolters Kluwer,,,,
tenet-healthcare,Tenet Healthcare,,,,
china-hongqiao-group,China Hongqiao Group,China Hongqiao,,,
china-hongqiao,,,,,
e-l-financial,E-L Financial,,,,
sigma-aldrich,Sigma-Aldrich,,,,
petsmart,Petsmart,,,,
arca-continental,Arca Continental,,,,
newell-rubbermaid,Newell Rubbermaid,,,,
golden-agri-resources,Golden Agri-Resources,,,,
bank-of-chongqing,Bank of Chongqing,,,,
hachijuni-bank,Hachijuni Bank,,,,
jyske-bank,Jyske Bank,,,,
fbn-holdings,FBN Holdings,Fbn,,,
fbn,,,,,
nippon-paper-industries,Nippon Paper Industries,,,,
taiwan-cooperative-financial,Taiwan Cooperative Financial,,,,
salesforce.com,Salesforce.com,,,,
public-power,Public Power,,,,
kt&g,KT&G,,,,
willis-group-holdings,Willis Group Holdings,,,,
willis-group,,,,,
israel-corp,Israel Corp,,,,
actelion,Actelion,,,,
intu-properties-plc,Intu Properties plc,,,,
cosan,Cosan,,,,
foot-locker,Foot Locker,,,,
westlake-chemical,Westlake Chemical,,,,
alpiq-holding,Alpiq Holding,Alpiq,,,
alpiq,,,,,
pembina-pipeline,Pembina Pipeline,,,,
smiths-group,Smiths Group,,,,
suzuken,Suzuken,,,,
joyo-bank,Joyo Bank,,,,
rockwood-holdings,Rockwood Holdings,,,,
songbird-estates-plc,Songbird Estates plc,Songbird Estate,,,
songbird-estate,,,,,
mechel,Mechel,,,,
permanent-tsb-group,Permanent TSB Group,Permanent Tsb,,,
permanent-tsb,,,,,
darden-restaurants,Darden Restaurants,,,,
two-harbors-investment,Two Harbors Investment,,,,
embraer,Embraer,,,,
world-fuel-services,World Fuel Services,,,,
mizrahi-tefahot-bank,Mizrahi Tefahot Bank,,,,
gudang-garam,Gudang Garam,,,,
bcv-group,BCV Group,Bcv,,,
bcv,,,,,
banca-popolare-dell'emilia,Banca Popolare dell'Emilia,,,,
dongfang-electric,Dongfang Electric,,,,
sino-land,Sino Land,,,,
iss,ISS,,,,
wistron,Wistron,,,,
novozymes,Novozymes,,,,
hokuhoku-financial-group,Hokuhoku Financial Group,Hokuhoku Financial,,,
hokuhoku-financial,,,,,
chang-hwa-bank,Chang Hwa Bank,,,,
sinopec-engineering-(group),SINOPEC Engineering (Group),Sinopec Engineering,,,
sinopec-engineering,,,,,
altera,Altera,,,,
iyo-bank,Iyo Bank,,,,
chipotle-mexican-grill,Chipotle Mexican Grill,Chipotle,,,
chipotle,,,,,
lig-insurance,LIG Insurance,,,,
linear-technology,Linear Technology,,,,
china-mengniu-dairy,China Mengniu Dairy,,,,
china-merchants-securities,China Merchants Securities,,,,
lundbergs,Lundbergs,,,,
ioi-group,IOI Group,Ioi,,,
ioi,,,,,
gs-holdings,GS Holdings,Gs,,,
gs,,,,,
smurfit-kappa-group,Smurfit Kappa Group,Smurfit Kappa,,,
smurfit-kappa,,,,,
avis-budget-group,Avis Budget Group,Avis Budget,,,
avis-budget,,,,,
hikvision,Hikvision,,,,
enagas,Enagas,,,,
vestas-wind-systems,Vestas Wind Systems,Vestas,,,
vestas,,,,,
mmi-holdings,MMI Holdings,Mmi,,,
mmi,,,,,
hammerson-plc,Hammerson plc,Hammerson,,,
hammerson,,,,,
metso,Metso,,,,
jarden,Jarden,,,,
huatai-securities,Huatai Securities,,,,
kawasaki-kisen-kaisha,Kawasaki Kisen Kaisha,,,,
stmicroelectronics,STMicroelectronics,,,,
harbinger-group,Harbinger Group,,,,
j-front-retailing,J Front Retailing,J Front,,,
j-front,,,,,
porto-seguro,Porto Seguro,,,,
crescent-point-energy,Crescent Point Energy,Crescent Point,,,
crescent-point,,,,,
thai-oil,Thai Oil,,,,
weir-group,Weir Group,,,,
aberdeen-asset-management,Aberdeen Asset Management,,,,
nvidia,NVIDIA,,,,
tdk,TDK,,,,
k+s,K+S,,,,
oci,OCI,,,,
forest-laboratories,Forest Laboratories,,,,
hyosung,Hyosung,,,,
dia,DIA,,,,
nishi-nippon-city-bank,Nishi-Nippon City Bank,,,,
minmetals-development,Minmetals Development,,,,
expeditors-international,Expeditors International,,,,
hopson-development-holdings,Hopson Development Holdings,Hopson Development,,,
hopson-development,,,,,
77-bank,77 Bank,,,,
eastman-kodak,Eastman Kodak,Kodak,,,
kodak,,,,,
saudi-hollandi-bank,Saudi Hollandi Bank,Saudi Hollandi,,,
saudi-hollandi,,,,,
chugoku-bank,Chugoku Bank,,,,
north-pacific-bank,North Pacific Bank,,,,
lanxess,Lanxess,,,,
ohl-group,OHL Group,Ohl,,,
ohl,,,,,
aspen-pharmacare-holdings,Aspen Pharmacare Holdings,Aspen Pharmacare,,,
aspen-pharmacare,,,,,
alexion-pharmaceuticals,Alexion Pharmaceuticals,,,,
subsea-7,Subsea 7,,,,
airports-of-thailand,Airports of Thailand,,,,
bank-of-kyoto,Bank of Kyoto,,,,
burberry-group,Burberry Group,,,,
ezdan-holding-group,Ezdan Holding Group,Ezdan Holding,,,
ezdan-holding,,,,,
cattolica-assicurazioni,Cattolica Assicurazioni,,,,
tech-data,Tech Data,,,,
tractor-supply,Tractor Supply,,,,
hiroshima-bank,Hiroshima Bank,,,,
semen-indonesia,Semen Indonesia,,,,
tobu-railway,Tobu Railway,,,,
crown-holdings,Crown Holdings,,,,
banca-popolare-di-milano,Banca Popolare di Milano,,,,
gunma-bank,Gunma Bank,,,,
franshion-properties-(china),Franshion Properties (China),Franshion Properties,,,
franshion-properties,,,,,
cliffs-natural-resources,Cliffs Natural Resources,,,,
china-communications-services,China Communications Services,,,,
alaska-air-group,Alaska Air Group,,,,
bank-muscat,Bank Muscat,,,,
jb-hunt-transport,JB Hunt Transport,Jb Hunt,,,
jb-hunt,,,,,
nabors-industries,Nabors Industries,,,,
snc-lavalin-group,SNC-Lavalin Group,Snc Lavalin,,,
snc-lavalin,,,,,
federal-grid-of-ues,Federal Grid of UES,,,,
sk-networks,SK Networks,,,,
ncr,NCR,,,,
bank-audi,Bank Audi,,,,
central-bank-of-india,Central Bank of India,,,,
masco,Masco,,,,
bs-financial-group,BS Financial Group,Bs Financial,,,
bs-financial,,,,,
corpbanca,CorpBanca,,,,
china-national-materials,China National Materials,,,,
maanshan-iron-&-steel,Maanshan Iron & Steel,Maanshan Iron&Steel,,,
maanshan-iron&steel,,,,,
g4s,G4S,,,,
twitter,Twitter,,,,
liberbank,Liberbank,,,,
first-niagara-financial,First Niagara Financial,,,,
thomas-cook-group,Thomas Cook Group,Thomas Cook,,,
thomas-cook,,,,,
grupo-elektra,Grupo Elektra,,,,
netflix,Netflix,,,,
petrovietnam-gas,Petrovietnam Gas,,,,
sumitomo-rubber,Sumitomo Rubber,,,,
yandex-nv,Yandex NV,,,,
aareal-bank,Aareal Bank,,,,
banco-bpi,Banco BPI,,,,
china-gezhouba,China Gezhouba,,,,
jc-penney,JC Penney,,,,
aurizon-holdings,Aurizon Holdings,Aurizon,,,
aurizon,,,,,
banca-carige,Banca CARIGE,,,,
tesla-motors,Tesla Motors,Tesla,,,
tesla,,,,,
israel-discount-bank,Israel Discount Bank,,,,
a2a,A2A,,,,
blom-bank,Blom Bank,,,,
jtekt,JTEKT,,,,
e.sun-financial,E.Sun Financial,E.Sun,,,
e.sun,,,,,
almarai,Almarai,,,,
boe-technology-group,BOE Technology Group,Boe Technology,,,
boe-technology,,,,,
sl-green-realty,SL Green Realty,,,,
banrisul,Banrisul,,,,
equity-assurance,Equity Assurance,,,,
juroku-bank,Juroku Bank,,,,
ruentex-industries,Ruentex Industries,,,,
atco,Atco,,,,
salzgitter,Salzgitter,,,,
ashikaga-holdings,Ashikaga Holdings,,,,
ziggo,Ziggo,,,,
bolsas-&-mercados,Bolsas & Mercados,Bolsas&Mercados,,,
bolsas&mercados,,,,,
thanachart-capital,Thanachart Capital,,,,
brilliance-china-automotive-holdings,Brilliance China Automotive Holdings,Brilliance China Automotive,,,
brilliance-china-automotive,,Brilliance Auto,,,
brilliance-auto,,,,,
halyk-bank,Halyk Bank,,,,
arm-holdings,ARM Holdings,,,,
prosiebensat1-media,ProSiebenSat1 Media,,,,
hyundai-hysco,Hyundai Hysco,,,,
shionogi-&-co.,Shionogi & Co.,Shionogi&Co,,,
shionogi&co,,,,,
sega-sammy-holdings,Sega Sammy Holdings,Sega Sammy,,,
sega-sammy,,,,,
wabco-holdings,WABCO Holdings,Wabco,,,
wabco,,,,,
imperial-holdings,Imperial Holdings,,,,
senshu-ikeda-holdings,Senshu Ikeda Holdings,Senshu Ikeda,,,
senshu-ikeda,,,,,
hugo-boss,Hugo Boss,,,,
magnitogorsk-iron-&-steel,Magnitogorsk Iron & Steel,Magnitogorsk Iron&Steel,,,
magnitogorsk-iron&steel,,,,,
nanto-bank,Nanto Bank,,,,
asm-international-n.v.,ASM International N.V.,Asm International,,,
asm-international,,,,,
emirates-integrated-telecom,Emirates Integrated Telecom,Emirates Integrated,,,
emirates-integrated,,,,,
baywa,BayWa,,,,
affiliated-managers-group,Affiliated Managers Group,Affiliated Managers,,,
affiliated-managers,,,,,
idb-holding,IDB Holding,Idb,,,
idb,,,,,
china-agri-industries,China Agri-Industries,,,,
qatar-islamic-bank,Qatar Islamic Bank,,,,
linkedin,LinkedIn,,,,
lindt-&-sprungli,Lindt & Sprungli,Lindt&Sprungli,,,
lindt&sprungli,,,,,
pbf-energy,PBF Energy,,,,
hyakugo-bank,Hyakugo Bank,,,,
pacific-rubiales-energy,Pacific Rubiales Energy,,,,
far-eastern-new-century,Far Eastern New Century,,,,
reliance-steel,Reliance Steel,,,,
ayala,Ayala,,,,
cj-cheiljedang,CJ Cheiljedang,,,,
polyus-gold-international,Polyus Gold International,,,,
pinnacle-west,Pinnacle West,,,,
bok-financial,BOK Financial,,,,
hudson-city-bancorp,Hudson City Bancorp,,,,
guaranty-trust-bank,Guaranty Trust Bank,,,,
ogaki-kyoritsu-bank,Ogaki Kyoritsu Bank,,,,
gansu-jiu-steel-group-hongxing-iron-&-steel,Gansu Jiu Steel Group Hongxing Iron & Steel,Gansu Jiu Steel,,,
gansu-jiu-steel,,,,,
realogy-holdings,Realogy Holdings,Realogy,,,
realogy,,,,,
daishi-bank,Daishi Bank,,,,
kansas-city-southern,Kansas City Southern,,,,
alinma-bank,Alinma Bank,,,,
shiga-bank,Shiga Bank,,,,
suruga-bank,Suruga Bank,,,,
royal-boskalis,Royal Boskalis,,,,
sqm,SQM,,,,
toho-bank,Toho Bank,,,,
aboitiz-equity-ventures,Aboitiz Equity Ventures,Aboitiz,,,
aboitiz,,,,,
mccormick-&-co,McCormick & Co,Mccormick&Co,,,
mccormick&co,,,,,
jabil-circuit,Jabil Circuit,,,,
dick's-sporting-goods,Dick's Sporting Goods,Dicks Sporting Goods,,,
dicks-sporting-goods,,,,,
murphy-usa,Murphy USA,,,,
varian-medical-systems,Varian Medical Systems,,,,
hainan-airlines,Hainan Airlines,,,,
meadwestvaco,MeadWestvaco,,,,
banca-popolare-di-sondrio,Banca Popolare di Sondrio,,,,
honbridge-holdings,Honbridge Holdings,Honbridge,,,
honbridge,,,,,
umicore,Umicore,,,,
abu-dhabi-islamic-bank,Abu Dhabi Islamic Bank,,,,
verisign,VeriSign,,,,
great-wall-technology,Great Wall Technology,,,,
cvr-energy,CVR Energy,,,,
hellenic-petroleum,Hellenic Petroleum,,,,
balfour-beatty,Balfour Beatty,,,,
bilfinger,Bilfinger,,,,
monster-beverage,Monster Beverage,,,,
sparebank-1-sr-bank,SpareBank 1 SR-Bank,,,,
taiwan-business-bank,Taiwan Business Bank,,,,
indian-overseas-bank,Indian Overseas Bank,,,,
nine-entertainment-co.-holdings-pty,Nine Entertainment Co. Holdings Pty,Nine Entertainment Co,,,
nine-entertainment-co,,,,,
chinese-estates,Chinese Estates,,,,
basler-kantonalbank,Basler Kantonalbank,,,,
commercial-international-bank,Commercial International Bank,,,,
east-west-bancorp,East West Bancorp,,,,
gannett,Gannett,,,,
credito-emiliano,Credito Emiliano,,,,
illumina,Illumina,,,,
nelnet,Nelnet,,,,
svb-financial-group,SVB Financial Group,Svb Financial,,,
svb-financial,,,,,
church-&-dwight,Church & Dwight,Church&Dwight,,,
church&dwight,,,,,
lg-uplus,LG Uplus,,,,
credit-saison,Credit Saison,,,,
mercuries-&-associates,Mercuries & Associates,Mercuries&Associates,,,
mercuries&associates,,,,,
guangzhou-automobile-group-co.-ltd.,Guangzhou Automobile Group Co. Ltd.,Guangzhou Automobile Group,,,
guangzhou-automobile-group,,,,,
hysan-development,Hysan Development,,,,
maxim-integrated-products,Maxim Integrated Products,,,,
agl-resources,AGL Resources,,,,
supervalu,Supervalu,,,,
avon-products,Avon Products,Avon,,,
avon,,,,,
ow-bunker,OW Bunker,,,,
airgas,Airgas,,,,
herbalife,Herbalife,,,,
tokyo-electron,Tokyo Electron,,,,
shanghai-material-trading,Shanghai Material Trading,,,,
gamestop-corp.,GameStop Corp.,Gamestop,,,
gamestop,,,,,
higo-bank,Higo Bank,,,,
ugi,UGI,,,,
tullow-oil,Tullow Oil,,,,
saudi-investment-bank,Saudi Investment Bank,,,,
millicom-international,Millicom International,,,,
tauron-group,Tauron Group,,,,
hanwa,Hanwa,,,,
san-in-godo-bank,San-In Godo Bank,,,,
ecobank-transnational-incorporated,Ecobank Transnational Incorporated,Ecobank Transnational,,,
ecobank-transnational,,,,,
kaisa-group-holdings,Kaisa Group Holdings,Kaisa Group,,,
kaisa-group,,,,,
hunan-valin-steel,Hunan Valin Steel,,,,
hyakujushi-bank,Hyakujushi Bank,,,,
intouch-holdings,Intouch Holdings,,,,
arkema,Arkema,,,,
keiyo-bank,Keiyo Bank,,,,
outokumpu,Outokumpu,,,,
polaris-industries,Polaris Industries,,,,
citrix-systems,Citrix Systems,,,,
aurubis,Aurubis,,,,
tasnee,Tasnee,,,,
china-aviation-oil,China Aviation Oil,,,,
musashino-bank,Musashino Bank,,,,
ruentex-development,Ruentex Development,,,,
rmb-holdings,RMB Holdings,,,,
hokkaido-electric-power,Hokkaido Electric Power,,,,
nasdaq-omx-group,NASDAQ OMX Group,Nasdaq Omx,,,
nasdaq-omx,,,,,
bank-of-queensland,Bank of Queensland,,,,
interactive-brokers-group,Interactive Brokers Group,,,,
yunnan-baiyao-group,Yunnan Baiyao Group,,,,
cablevision-systems-corporation,Cablevision Systems Corporation,,,,
cheniere-energy,Cheniere Energy,,,,
allahabad-bank,Allahabad Bank,,,,
cabot-oil-&-gas,Cabot Oil & Gas,Cabot Oil&Gas,,,
cabot-oil&gas,,,,,
netdragon-websoft,NetDragon Websoft,,,,
doha-bank,Doha Bank,,,,
kagoshima-bank,Kagoshima Bank,,,,
inchcape,Inchcape,,,,
grupo-argos,Grupo Argos,,,,
gemalto,Gemalto,,,,
credito-valtellinese,Credito Valtellinese,,,,
"workday,-inc.","Workday, Inc.",Workday Inc,,,
workday-inc,,,,,
erie-indemnity,Erie Indemnity,,,,
wing-hang-bank,Wing Hang Bank,,,,
verisk-analytics,Verisk Analytics,,,,
inventec,Inventec,,,,
saras,Saras,,,,
japan-exchange-group,Japan Exchange Group,,,,
b/e-aerospace,B/E Aerospace,,,,
dean-foods,Dean Foods,,,,
sonae-sgps,Sonae SGPS,,,,
penske-automotive,Penske Automotive,,,,
empresa-de-energia-de-bogota,Empresa de Energia de Bogota,,,,
weg,WEG,,,,
hyprop-investments,Hyprop Investments,,,,
antero-resources,Antero Resources,,,,
dgb-financial-group,DGB Financial Group,Dgb Financial,,,
dgb-financial,,,,,
guangdong-investment,Guangdong Investment,,,,
vertex-pharmaceuticals,Vertex Pharmaceuticals,,,,
parmalat,Parmalat,,,,
inner-mongolia-baotou-steel,Inner Mongolia Baotou Steel,,,,
pou-chen,Pou Chen,,,,
pandora,Pandora,,,,
banque-centrale-populaire,Banque Centrale Populaire,,,,
meritz-financial-group,Meritz Financial Group,Meritz Financial,,,
meritz-financial,,,,,
peabody-energy,Peabody Energy,,,,
president-chain-store,President Chain Store,,,,
lkq,LKQ,,,,
gs-engineering,GS Engineering,,,,
lawson,Lawson,,,,
shimano,Shimano,,,,
japan-securities,Japan Securities,,,,
eutelsat-communications,Eutelsat Communications,,,,
ikb-deutsche,IKB Deutsche,,,,
whiting-petroleum,Whiting Petroleum,,,,
denbury-resources,Denbury Resources,,,,
catlin-group,Catlin Group,,,,
vietin-bank,Vietin Bank,,,,
concho-resources,Concho Resources,,,,
signet-jewelers,Signet Jewelers,,,,
king-digital-entertainment,King Digital Entertainment,King Digital,,,
king-digital,,,,,
uco-bank,UCO Bank,,,,
gungho-online-entertainment,Gungho Online Entertainment,,,,
oge-energy,OGE Energy,,,,
tpk-holding,TPK Holding,,,,
people's-united-financial,People's United Financial,,,,
tsingtao-brewery,Tsingtao Brewery,,,,
wpg-holdings,WPG Holdings,Wpg,,,
wpg,,,,,
yuexiu-property-co.,Yuexiu Property Co.,Yuexiu Property,,,
yuexiu-property,,,,,
shiseido,Shiseido,,,,
first-pacific,First Pacific,,,,
carefusion,CareFusion,,,,
hokkoku-bank,Hokkoku Bank,,,,
pang-da-automobile-trade,Pang Da Automobile Trade,,,,
cc-media-holdings,CC Media Holdings,Cc Media,,,
cc-media,,,,,
oriental-bank-of-commerce,Oriental Bank of Commerce,,,,
integrys-energy-group,Integrys Energy Group,Integrys Energy,,,
integrys-energy,,,,,
bank-of-nagoya,Bank of Nagoya,,,,
taiheiyo-cement,Taiheiyo Cement,,,,
icap,ICAP,,,,
financial-street-holdings,Financial Street Holdings,,,,
luzerner-kantonalbank,Luzerner Kantonalbank,,,,
air-canada,Air Canada,,,,
babcock-international-group,Babcock International Group,Babcock International,,,
babcock-international,,,,,
fraport,Fraport,,,,
dvb-bank,DVB Bank,,,,
volksbank,Volksbank,,,,
yang-quan-coal-industry,Yang Quan Coal Industry,,,,
st-galler-kantonalbank,St Galler Kantonalbank,,,,
yuanta-financial-holding,Yuanta Financial Holding,Yuanta Financial,,,
yuanta-financial,,,,,
metcash,Metcash,,,,
bank-of-iwate,Bank of Iwate,,,,
orkla,Orkla,,,,
tim-hortons,Tim Hortons,,,,
alliant-energy,Alliant Energy,,,,
dixons-retail,Dixons Retail,,,,
nsk,NSK,,,,
ackermans-&-van-haaren,Ackermans & van Haaren,Ackermans&Van Haaren,,,
ackermans&van-haaren,,,,,
bank-danamon-indonesia,Bank Danamon Indonesia,,,,
intercontinental-hotels,InterContinental Hotels,Intercontinental,,,
intercontinental,,,,,
ingredion,Ingredion,,,,
tosoh,Tosoh,,,,
nhpc,NHPC,,,,
symetra-financial,Symetra Financial,Symetra,,,
symetra,,,,,
fibi-holdings,FIBI Holdings,Fibi,,,
fibi,,,,,
sbi-holdings,SBI Holdings,Sbi,,,
sbi,,,,,
laurentian-bank,Laurentian Bank,,,,
ls-corp,LS Corp,,,,
bekb-bcbe,BEKB-BCBE,,,,
hero-motocorp,Hero Motocorp,,,,
cst-brands,CST Brands,,,,
aryzta,Aryzta,,,,
edwards-lifesciences,Edwards Lifesciences,,,,
new-media-investment-group,New Media Investment Group,New Media Investment,,,
new-media-investment,,,,,
pall,Pall,,,,
silver-wheaton,Silver Wheaton,,,,
dsv,DSV,,,,
amdocs,Amdocs,,,,
ems-chemie-holding,EMS-Chemie Holding,,,,
securitas,Securitas,,,,
hanjin-shipping,Hanjin Shipping,,,,
newcrest-mining,Newcrest Mining,,,,
yamanashi-chuo-bank,Yamanashi Chuo Bank,,,,
kesko,Kesko,,,,
andritz,Andritz,,,,
frontier-communications,Frontier Communications,,,,
oita-bank,Oita Bank,,,,
tongling-nonferrous-metals,Tongling Nonferrous Metals,,,,
kimberly-clark-de-mexico,Kimberly-Clark de Mexico,,,,
kuwait-projects,Kuwait Projects,,,,
packaging-corp-of-america,Packaging Corp of America,,,,
valiant-holding,Valiant Holding,,,,
daelim-industrial,Daelim Industrial,,,,
motor-oil,Motor Oil,,,,
alliance-global-group,Alliance Global Group,Alliance Global,,,
alliance-global,,,,,
hanesbrands,Hanesbrands,,,,
wanhua-chemical-group,Wanhua Chemical Group,,,,
ncc-group,NCC Group,,,,
akamai-technologies,Akamai Technologies,,,,
awa-bank,Awa Bank,,,,
icade,Icade,,,,
sinomach-automobile,Sinomach Automobile,,,,
sichuan-changhong-electric,Sichuan Changhong Electric,,,,
towers-watson-&-co.,Towers Watson & Co.,Towers Watson&Co,,,
towers-watson&co,,,,,
hanwha-chemical,Hanwha Chemical,,,,
acer,Acer,,,,
gpt-group,GPT Group,,,,
aichi-bank,Aichi Bank,,,,
total-access-communication,Total Access Communication,,,,
makita,Makita,,,,
osram-licht,OSRAM Licht,Osram,,,
osram,,,,,
nippon-steel-trading,Nippon Steel Trading,,,,
jindal-steel-&-power,Jindal Steel & Power,Jindal Steel&Power,,,
jindal-steel&power,,,,,
hyundai-wia,Hyundai Wia,,,,
toho-holdings,Toho Holdings,,,,
vopak,Vopak,,,,
china-fortune-land-development,China Fortune Land Development,,,,
stericycle,Stericycle,,,,
shangri-la-asia,Shangri-La Asia,,,,
range-resources,Range Resources,,,,
western-refining,Western Refining,,,,
sydbank,Sydbank,,,,
new-hope-liuhe,New Hope Liuhe,,,,
toyota-boshoku,Toyota Boshoku,,,,
joy-global,Joy Global,,,,
shui-on-land,Shui On Land,,,,
tpv-technology,TPV Technology,,,,
shandong-iron-and-steel,Shandong Iron and Steel,,,,
caixa-economica-montepio-geral,Caixa Economica Montepio Geral,,,,
inotera-memories,Inotera Memories,,,,
konica-minolta,Konica Minolta,,,,
jaccs,Jaccs,,,,
oceaneering-international,Oceaneering International,,,,
tripadvisor,TripAdvisor,,,,
american-natl-ins,American Natl Ins,,,,
andhra-bank,Andhra Bank,,,,
grasim-industries,Grasim Industries,,,,
tomony-holdings,Tomony Holdings,Tomony,,,
tomony,,,,,
clariant,Clariant,,,,
teradata,Teradata,,,,
fuji-electric,Fuji Electric,,,,
admiral-group-plc,Admiral Group plc,Admiral Group,,,
admiral-group,,,,,
urs,URS,,,,
oshkosh,Oshkosh,,,,
fmc,FMC,,,,
prysmian,Prysmian,,,,
jsw-steel,JSW Steel,,,,
yunnan-yuntianhua,Yunnan Yuntianhua,,,,
meiji-holdings,Meiji Holdings,,,,
odakyu-electric-railway,Odakyu Electric Railway,,,,
arab-banking,Arab Banking,,,,
pakistan-state-oil,Pakistan State Oil,,,,
shikoku-bank,Shikoku Bank,,,,
cameco,Cameco,,,,
bmce-bank,BMCE Bank,Bmce,,,
bmce,,,,,
synovus-financial,Synovus Financial,Synovus,,,
synovus,,,,,
equifax,Equifax,,,,
uny-group-holdings,UNY Group Holdings,Uny Group,,,
uny-group,,,,,
ey,Ernst & Young,EY,Ernst&Young,,
ernst&young,,,,,
pwc,Price Waterhouse Coopers,PWC,,,
price-waterhouse-coopers,,,,,
kpmg,KPMG,KPMG,,,
deloitte,Deloitte Touche Tohmatsu Limited,Deloitte,,,
uber,UBER,Uber,,,
spotify,Spotify,,,,
alibaba,Alibaba,,,,
